Anno Scolastico;IdNIL;Nil;Totale Iscritti;Iscritti Italiani;Iscritti Stranieri;N D
2023/2024;32;Triulzo Superiore;;;;
2023/2024;33;Rogoredo - Santa Giulia;214;161;52;1
2023/2024;34;Chiaravalle;;;;
2023/2024;35;Lodi - Corvetto;871;569;297;5
2023/2024;36;Scalo Romana;62;53;9;
2023/2024;37;Morivione;105;84;21;
2023/2024;38;Vigentino - Q.re Fatima;368;288;78;2
2023/2024;39;Quintosole;;;;
2023/2024;40;Ronchetto delle Rane;;;;
2023/2024;41;Gratosoglio - Q.re Missaglia - Q.re Terrazze;268;185;80;3
2023/2024;42;Stadera - Chiesa Rossa - Q.re Torretta - Conca Fallata;515;374;136;5
2023/2024;43;Tibaldi;240;232;8;
2023/2024;44;Porta Ticinese - Conchetta;240;223;17;
2023/2024;45;Moncucco - San Cristoforo;326;289;35;2
2023/2024;46;Barona;218;119;98;1
2023/2024;47;Cantalupa;;;;
2023/2024;48;Ronchetto sul Naviglio - Q.re Lodovico il Moro;338;276;62;
2023/2024;49;Giambellino;380;216;159;5
2023/2024;50;Porta Genova;386;354;32;
2023/2024;51;Porta Magenta;294;272;21;1
2023/2024;52;Bande Nere;894;684;208;2
2023/2024;53;Lorenteggio;509;370;137;2
2023/2024;54;Muggiano;20;16;4;
2023/2024;55;Baggio - Q.re degli Olmi - Q.re Valsesia;530;336;185;9
2023/2024;56;Forze Armate;639;437;192;10
2023/2024;57;San Siro;248;175;72;1
2023/2024;58;De Angeli - Monte Rosa;241;226;15;
2023/2024;59;Tre Torri;;;;
2023/2024;60;Stadio - Ippodromi;799;421;370;8
2023/2024;61;Quarto Cagnino;209;168;39;2
2023/2024;62;Quinto Romano;52;29;23;
2023/2024;63;Figino;60;39;21;
2023/2024;64;Trenno;137;126;11;
2023/2024;65;Q.re Gallaratese - Q.re San Leonardo - Lampugnano;520;423;93;4
2023/2024;66;QT 8;176;151;21;4
2023/2024;67;Portello;378;340;38;
2023/2024;68;Pagano;449;423;25;1
2023/2024;69;Sarpi;570;496;73;1
2023/2024;70;Ghisolfa;33;30;3;
2023/2024;71;Villapizzone - Cagnola - Boldinasco;880;546;331;3
2023/2024;72;Maggiore - Musocco - Certosa;208;149;57;2
2023/2024;73;Cascina Merlata;;;;
2023/2024;74;Roserio;;;;
2023/2024;75;Stephenson;;;;
2023/2024;76;Quarto Oggiaro - Vialba - Musocco;570;303;260;7
2023/2024;77;Bovisa;318;230;86;2
2023/2024;78;Farini;;;;
2023/2024;79;Dergano;394;254;134;6
2023/2024;80;Affori;470;324;143;3
2023/2024;81;Bovisasca;208;127;78;3
2023/2024;82;Comasina;198;95;102;1
2023/2024;83;Bruzzano;260;173;86;1
2023/2024;84;Parco Nord;38;35;3;
2023/2024;85;Parco delle Abbazie;;;;
2023/2024;86;Parco dei Navigli;;;;
2023/2024;87;Assiano;;;;
2023/2024;88;Parco Bosco in citta';;;;
2005/2006;1;Duomo;416;366;50;
2005/2006;2;Brera;659;589;70;
2005/2006;3;Giardini P.ta Venezia;152;135;17;
2005/2006;4;Guastalla;506;467;37;2
2005/2006;5;Porta Vigentina - Porta Lodovica;554;505;49;
2005/2006;6;Porta Ticinese - Conca del Naviglio;675;586;89;
2005/2006;7;Magenta - S.Vittore;701;660;41;
2005/2006;8;Parco Sempione;;;;
2005/2006;9;Porta Garibaldi - Porta Nuova;71;63;8;
2005/2006;10;Stazione Centrale - Ponte Seveso;200;176;23;1
2005/2006;11;Isola;381;310;70;1
2005/2006;12;Maciachini - Maggiolina;763;604;151;8
2005/2006;13;Greco - Segnano;236;193;43;
2005/2006;14;Niguarda - Ca? Granda - Prato Centenaro - Q.re Fulvio Testi;1060;928;123;9
2005/2006;15;Bicocca;;;;
2005/2006;16;Gorla - Precotto;840;644;179;17
2005/2006;17;Adriano;278;224;54;
2005/2006;18;Cimiano - Rottole - Q.re Feltre;675;541;134;
2005/2006;19;Padova - Turro - Crescenzago;549;421;120;8
2005/2006;20;Loreto - Casoretto - NoLo;798;528;269;1
2005/2006;21;Buenos Aires - Porta Venezia - Porta Monforte;1493;1323;158;12
2005/2006;22;Citta' studi;795;684;87;24
2005/2006;23;Lambrate - Ortica;437;370;61;6
2005/2006;24;Parco Forlanini - Cavriano;;;;
2005/2006;25;Corsica;364;284;71;9
2005/2006;26;XXII Marzo;827;720;97;10
2005/2006;27;Pta Romana;88;78;1;9
2005/2006;28;Umbria - Molise - Calvairate;348;289;54;5
2005/2006;29;Ortomercato;168;76;92;
2005/2006;30;Taliedo - Morsenchio - Q.re Forlanini;403;349;54;
2005/2006;31;Monlue' - Ponte Lambro;105;71;34;
2005/2006;32;Triulzo Superiore;;;;
2005/2006;33;Rogoredo - Santa Giulia;172;145;26;1
2005/2006;34;Chiaravalle;22;17;5;
2005/2006;35;Lodi - Corvetto;1199;942;256;1
2005/2006;36;Scalo Romana;;;;
2005/2006;37;Morivione;100;78;22;
2005/2006;38;Vigentino - Q.re Fatima;414;354;59;1
2005/2006;39;Quintosole;;;;
2005/2006;40;Ronchetto delle Rane;;;;
2005/2006;41;Gratosoglio - Q.re Missaglia - Q.re Terrazze;388;341;47;
2005/2006;42;Stadera - Chiesa Rossa - Q.re Torretta - Conca Fallata;741;596;139;6
2005/2006;43;Tibaldi;122;121;;1
2005/2006;44;Porta Ticinese - Conchetta;285;209;68;8
2005/2006;45;Moncucco - San Cristoforo;349;280;69;
2005/2006;46;Barona;259;217;37;5
2005/2006;47;Cantalupa;;;;
2005/2006;48;Ronchetto sul Naviglio - Q.re Lodovico il Moro;336;287;49;
2005/2006;49;Giambellino;288;232;55;1
2005/2006;50;Porta Genova;523;454;63;6
2005/2006;51;Porta Magenta;383;349;31;3
2005/2006;52;Bande Nere;1368;1185;181;2
2005/2006;53;Lorenteggio;562;457;103;2
2005/2006;54;Muggiano;20;18;2;
2005/2006;55;Baggio - Q.re degli Olmi - Q.re Valsesia;736;638;98;
2005/2006;56;Forze Armate;651;563;87;1
2005/2006;57;San Siro;136;71;65;
2005/2006;58;De Angeli - Monte Rosa;342;317;24;1
2005/2006;59;Tre Torri;;;;
2005/2006;60;Stadio - Ippodromi;938;651;287;
2005/2006;61;Quarto Cagnino;240;214;26;
2005/2006;62;Quinto Romano;101;85;14;2
2005/2006;63;Figino;73;67;6;
2005/2006;64;Trenno;131;129;2;
2005/2006;65;Q.re Gallaratese - Q.re San Leonardo - Lampugnano;616;579;37;
2005/2006;66;QT 8;256;231;24;1
2005/2006;67;Portello;350;301;49;
2005/2006;68;Pagano;545;524;21;
2005/2006;69;Sarpi;656;552;97;7
2005/2006;70;Ghisolfa;15;15;;
2005/2006;71;Villapizzone - Cagnola - Boldinasco;991;755;233;3
2005/2006;72;Maggiore - Musocco - Certosa;123;100;23;
2005/2006;73;Cascina Merlata;;;;
2005/2006;74;Roserio;;;;
2005/2006;75;Stephenson;;;;
2005/2006;76;Quarto Oggiaro - Vialba - Musocco;709;548;161;
2005/2006;77;Bovisa;385;279;99;7
2005/2006;78;Farini;;;;
2005/2006;79;Dergano;447;317;130;
2005/2006;80;Affori;460;342;114;4
2005/2006;81;Bovisasca;216;179;37;
2005/2006;82;Comasina;272;227;36;9
2005/2006;83;Bruzzano;257;209;44;4
2005/2006;84;Parco Nord;58;49;2;7
2005/2006;85;Parco delle Abbazie;;;;
2005/2006;86;Parco dei Navigli;;;;
2005/2006;87;Assiano;;;;
2005/2006;88;Parco Bosco in citta';;;;
2006/2007;1;Duomo;256;225;31;
2006/2007;2;Brera;416;376;40;
2006/2007;3;Giardini P.ta Venezia;115;99;16;
2006/2007;4;Guastalla;345;319;25;1
2006/2007;5;Porta Vigentina - Porta Lodovica;353;322;31;
2006/2007;6;Porta Ticinese - Conca del Naviglio;467;406;61;
2006/2007;7;Magenta - S.Vittore;448;422;26;
2006/2007;8;Parco Sempione;;;;
2006/2007;9;Porta Garibaldi - Porta Nuova;48;42;6;
2006/2007;10;Stazione Centrale - Ponte Seveso;143;121;21;1
2006/2007;11;Isola;264;214;50;
2006/2007;12;Maciachini - Maggiolina;508;409;93;6
2006/2007;13;Greco - Segnano;153;118;35;
2006/2007;14;Niguarda - Ca? Granda - Prato Centenaro - Q.re Fulvio Testi;692;606;79;7
2006/2007;15;Bicocca;;;;
2006/2007;16;Gorla - Precotto;548;414;122;12
2006/2007;17;Adriano;198;165;33;
2006/2007;18;Cimiano - Rottole - Q.re Feltre;423;344;79;
2006/2007;19;Padova - Turro - Crescenzago;354;280;69;5
2006/2007;20;Loreto - Casoretto - NoLo;539;345;194;
2006/2007;21;Buenos Aires - Porta Venezia - Porta Monforte;965;870;87;8
2006/2007;22;Citta' studi;530;451;59;20
2006/2007;23;Lambrate - Ortica;278;229;44;5
2006/2007;24;Parco Forlanini - Cavriano;;;;
2006/2007;25;Corsica;259;196;55;8
2006/2007;26;XXII Marzo;563;498;59;6
2006/2007;27;Pta Romana;62;54;3;5
2006/2007;28;Umbria - Molise - Calvairate;227;187;37;3
2006/2007;29;Ortomercato;111;52;59;
2006/2007;30;Taliedo - Morsenchio - Q.re Forlanini;254;220;34;
2006/2007;31;Monlue' - Ponte Lambro;67;43;24;
2006/2007;32;Triulzo Superiore;;;;
2006/2007;33;Rogoredo - Santa Giulia;127;109;18;
2006/2007;34;Chiaravalle;17;14;3;
2006/2007;35;Lodi - Corvetto;808;636;172;
2006/2007;36;Scalo Romana;;;;
2006/2007;37;Morivione;69;54;15;
2006/2007;38;Vigentino - Q.re Fatima;282;239;42;1
2006/2007;39;Quintosole;;;;
2006/2007;40;Ronchetto delle Rane;;;;
2006/2007;41;Gratosoglio - Q.re Missaglia - Q.re Terrazze;246;213;33;
2006/2007;42;Stadera - Chiesa Rossa - Q.re Torretta - Conca Fallata;498;399;95;4
2006/2007;43;Tibaldi;90;89;;1
2006/2007;44;Porta Ticinese - Conchetta;199;148;44;7
2006/2007;45;Moncucco - San Cristoforo;239;188;51;
2006/2007;46;Barona;180;152;24;4
2006/2007;47;Cantalupa;;;;
2006/2007;48;Ronchetto sul Naviglio - Q.re Lodovico il Moro;216;185;31;
2006/2007;49;Giambellino;181;150;30;1
2006/2007;50;Porta Genova;345;299;42;4
2006/2007;51;Porta Magenta;266;246;18;2
2006/2007;52;Bande Nere;916;783;131;2
2006/2007;53;Lorenteggio;371;307;63;1
2006/2007;54;Muggiano;15;14;1;
2006/2007;55;Baggio - Q.re degli Olmi - Q.re Valsesia;478;412;66;
2006/2007;56;Forze Armate;421;364;56;1
2006/2007;57;San Siro;102;55;47;
2006/2007;58;De Angeli - Monte Rosa;236;216;19;1
2006/2007;59;Tre Torri;;;;
2006/2007;60;Stadio - Ippodromi;649;446;203;
2006/2007;61;Quarto Cagnino;150;139;11;
2006/2007;62;Quinto Romano;71;61;10;
2006/2007;63;Figino;51;46;5;
2006/2007;64;Trenno;81;79;2;
2006/2007;65;Q.re Gallaratese - Q.re San Leonardo - Lampugnano;403;374;29;
2006/2007;66;QT 8;164;148;16;
2006/2007;67;Portello;226;195;31;
2006/2007;68;Pagano;326;310;16;
2006/2007;69;Sarpi;436;373;57;6
2006/2007;70;Ghisolfa;12;12;;
2006/2007;71;Villapizzone - Cagnola - Boldinasco;640;482;156;2
2006/2007;72;Maggiore - Musocco - Certosa;83;67;16;
2006/2007;73;Cascina Merlata;;;;
2006/2007;74;Roserio;;;;
2006/2007;75;Stephenson;;;;
2006/2007;76;Quarto Oggiaro - Vialba - Musocco;466;362;104;
2006/2007;77;Bovisa;276;200;71;5
2006/2007;78;Farini;;;;
2006/2007;79;Dergano;299;217;82;
2006/2007;80;Affori;294;216;76;2
2006/2007;81;Bovisasca;139;115;24;
2006/2007;82;Comasina;179;144;26;9
2006/2007;83;Bruzzano;163;134;25;4
2006/2007;84;Parco Nord;40;34;2;4
2006/2007;85;Parco delle Abbazie;;;;
2006/2007;86;Parco dei Navigli;;;;
2006/2007;87;Assiano;;;;
2006/2007;88;Parco Bosco in citta';;;;
2007/2008;1;Duomo;401;348;45;8
2007/2008;2;Brera;683;610;57;16
2007/2008;3;Giardini P.ta Venezia;155;142;12;1
2007/2008;4;Guastalla;450;402;28;20
2007/2008;5;Porta Vigentina - Porta Lodovica;597;560;37;
2007/2008;6;Porta Ticinese - Conca del Naviglio;738;614;113;11
2007/2008;7;Magenta - S.Vittore;762;702;52;8
2007/2008;8;Parco Sempione;;;;
2007/2008;9;Porta Garibaldi - Porta Nuova;74;65;9;
2007/2008;10;Stazione Centrale - Ponte Seveso;235;206;25;4
2007/2008;11;Isola;408;343;56;9
2007/2008;12;Maciachini - Maggiolina;786;642;131;13
2007/2008;13;Greco - Segnano;230;173;57;
2007/2008;14;Niguarda - Ca? Granda - Prato Centenaro - Q.re Fulvio Testi;1126;971;127;28
2007/2008;15;Bicocca;;;;
2007/2008;16;Gorla - Precotto;838;639;182;17
2007/2008;17;Adriano;301;231;70;
2007/2008;18;Cimiano - Rottole - Q.re Feltre;629;436;131;62
2007/2008;19;Padova - Turro - Crescenzago;550;383;135;32
2007/2008;20;Loreto - Casoretto - NoLo;795;507;261;27
2007/2008;21;Buenos Aires - Porta Venezia - Porta Monforte;1548;1343;180;25
2007/2008;22;Citta' studi;809;697;91;21
2007/2008;23;Lambrate - Ortica;418;321;62;35
2007/2008;24;Parco Forlanini - Cavriano;;;;
2007/2008;25;Corsica;530;415;78;37
2007/2008;26;XXII Marzo;799;698;89;12
2007/2008;27;Pta Romana;106;103;1;2
2007/2008;28;Umbria - Molise - Calvairate;336;269;65;2
2007/2008;29;Ortomercato;171;59;107;5
2007/2008;30;Taliedo - Morsenchio - Q.re Forlanini;379;316;62;1
2007/2008;31;Monlue' - Ponte Lambro;100;71;29;
2007/2008;32;Triulzo Superiore;;;;
2007/2008;33;Rogoredo - Santa Giulia;199;164;34;1
2007/2008;34;Chiaravalle;26;22;3;1
2007/2008;35;Lodi - Corvetto;1189;896;282;11
2007/2008;36;Scalo Romana;;;;
2007/2008;37;Morivione;103;74;29;
2007/2008;38;Vigentino - Q.re Fatima;438;384;42;12
2007/2008;39;Quintosole;;;;
2007/2008;40;Ronchetto delle Rane;;;;
2007/2008;41;Gratosoglio - Q.re Missaglia - Q.re Terrazze;347;274;65;8
2007/2008;42;Stadera - Chiesa Rossa - Q.re Torretta - Conca Fallata;706;561;137;8
2007/2008;43;Tibaldi;199;190;1;8
2007/2008;44;Porta Ticinese - Conchetta;301;245;48;8
2007/2008;45;Moncucco - San Cristoforo;341;262;74;5
2007/2008;46;Barona;263;213;42;8
2007/2008;47;Cantalupa;;;;
2007/2008;48;Ronchetto sul Naviglio - Q.re Lodovico il Moro;340;284;55;1
2007/2008;49;Giambellino;294;228;63;3
2007/2008;50;Porta Genova;541;483;51;7
2007/2008;51;Porta Magenta;387;351;33;3
2007/2008;52;Bande Nere;1401;1183;204;14
2007/2008;53;Lorenteggio;610;482;118;10
2007/2008;54;Muggiano;26;22;3;1
2007/2008;55;Baggio - Q.re degli Olmi - Q.re Valsesia;723;620;98;5
2007/2008;56;Forze Armate;665;541;106;18
2007/2008;57;San Siro;160;86;72;2
2007/2008;58;De Angeli - Monte Rosa;356;316;22;18
2007/2008;59;Tre Torri;;;;
2007/2008;60;Stadio - Ippodromi;944;614;287;43
2007/2008;61;Quarto Cagnino;243;212;30;1
2007/2008;62;Quinto Romano;113;97;16;
2007/2008;63;Figino;64;50;6;8
2007/2008;64;Trenno;127;122;3;2
2007/2008;65;Q.re Gallaratese - Q.re San Leonardo - Lampugnano;652;601;48;3
2007/2008;66;QT 8;231;207;19;5
2007/2008;67;Portello;354;292;49;13
2007/2008;68;Pagano;597;565;27;5
2007/2008;69;Sarpi;658;539;113;6
2007/2008;70;Ghisolfa;15;14;1;
2007/2008;71;Villapizzone - Cagnola - Boldinasco;1066;773;277;16
2007/2008;72;Maggiore - Musocco - Certosa;134;109;20;5
2007/2008;73;Cascina Merlata;;;;
2007/2008;74;Roserio;;;;
2007/2008;75;Stephenson;;;;
2007/2008;76;Quarto Oggiaro - Vialba - Musocco;689;519;162;8
2007/2008;77;Bovisa;469;322;142;5
2007/2008;78;Farini;;;;
2007/2008;79;Dergano;368;247;118;3
2007/2008;80;Affori;492;347;128;17
2007/2008;81;Bovisasca;206;150;51;5
2007/2008;82;Comasina;259;190;57;12
2007/2008;83;Bruzzano;254;208;37;9
2007/2008;84;Parco Nord;26;22;;4
2007/2008;85;Parco delle Abbazie;;;;
2007/2008;86;Parco dei Navigli;;;;
2007/2008;87;Assiano;;;;
2007/2008;88;Parco Bosco in citta';;;;
2008/2009;1;Duomo;422;359;47;16
2008/2009;2;Brera;696;615;62;19
2008/2009;3;Giardini P.ta Venezia;155;145;9;1
2008/2009;4;Guastalla;464;421;27;16
2008/2009;5;Porta Vigentina - Porta Lodovica;583;548;35;
2008/2009;6;Porta Ticinese - Conca del Naviglio;750;651;89;10
2008/2009;7;Magenta - S.Vittore;789;730;49;10
2008/2009;8;Parco Sempione;;;;
2008/2009;9;Porta Garibaldi - Porta Nuova;76;72;4;
2008/2009;10;Stazione Centrale - Ponte Seveso;236;216;20;
2008/2009;11;Isola;411;368;39;4
2008/2009;12;Maciachini - Maggiolina;797;685;105;7
2008/2009;13;Greco - Segnano;245;188;55;2
2008/2009;14;Niguarda - Ca? Granda - Prato Centenaro - Q.re Fulvio Testi;1113;974;126;13
2008/2009;15;Bicocca;;;;
2008/2009;16;Gorla - Precotto;808;637;160;11
2008/2009;17;Adriano;285;227;57;1
2008/2009;18;Cimiano - Rottole - Q.re Feltre;679;465;121;93
2008/2009;19;Padova - Turro - Crescenzago;531;386;123;22
2008/2009;20;Loreto - Casoretto - NoLo;766;507;240;19
2008/2009;21;Buenos Aires - Porta Venezia - Porta Monforte;1535;1329;175;31
2008/2009;22;Citta' studi;770;676;82;12
2008/2009;23;Lambrate - Ortica;416;334;56;26
2008/2009;24;Parco Forlanini - Cavriano;;;;
2008/2009;25;Corsica;571;471;74;26
2008/2009;26;XXII Marzo;780;703;73;4
2008/2009;27;Pta Romana;122;118;4;
2008/2009;28;Umbria - Molise - Calvairate;337;278;54;5
2008/2009;29;Ortomercato;166;72;91;3
2008/2009;30;Taliedo - Morsenchio - Q.re Forlanini;374;310;60;4
2008/2009;31;Monlue' - Ponte Lambro;95;65;27;3
2008/2009;32;Triulzo Superiore;;;;
2008/2009;33;Rogoredo - Santa Giulia;195;157;37;1
2008/2009;34;Chiaravalle;26;25;1;
2008/2009;35;Lodi - Corvetto;1176;922;241;13
2008/2009;36;Scalo Romana;;;;
2008/2009;37;Morivione;105;76;28;1
2008/2009;38;Vigentino - Q.re Fatima;426;371;47;8
2008/2009;39;Quintosole;;;;
2008/2009;40;Ronchetto delle Rane;;;;
2008/2009;41;Gratosoglio - Q.re Missaglia - Q.re Terrazze;342;276;63;3
2008/2009;42;Stadera - Chiesa Rossa - Q.re Torretta - Conca Fallata;677;535;130;12
2008/2009;43;Tibaldi;197;190;1;6
2008/2009;44;Porta Ticinese - Conchetta;293;249;38;6
2008/2009;45;Moncucco - San Cristoforo;348;272;66;10
2008/2009;46;Barona;248;204;36;8
2008/2009;47;Cantalupa;;;;
2008/2009;48;Ronchetto sul Naviglio - Q.re Lodovico il Moro;339;286;50;3
2008/2009;49;Giambellino;275;197;69;9
2008/2009;50;Porta Genova;500;454;43;3
2008/2009;51;Porta Magenta;375;343;27;5
2008/2009;52;Bande Nere;1370;1183;175;12
2008/2009;53;Lorenteggio;585;467;113;5
2008/2009;54;Muggiano;26;24;2;
2008/2009;55;Baggio - Q.re degli Olmi - Q.re Valsesia;704;605;96;3
2008/2009;56;Forze Armate;671;557;107;7
2008/2009;57;San Siro;166;86;79;1
2008/2009;58;De Angeli - Monte Rosa;405;371;23;11
2008/2009;59;Tre Torri;;;;
2008/2009;60;Stadio - Ippodromi;863;562;276;25
2008/2009;61;Quarto Cagnino;235;204;30;1
2008/2009;62;Quinto Romano;100;84;16;
2008/2009;63;Figino;53;35;11;7
2008/2009;64;Trenno;134;128;2;4
2008/2009;65;Q.re Gallaratese - Q.re San Leonardo - Lampugnano;642;602;37;3
2008/2009;66;QT 8;231;212;18;1
2008/2009;67;Portello;356;297;51;8
2008/2009;68;Pagano;617;583;32;2
2008/2009;69;Sarpi;588;494;91;3
2008/2009;70;Ghisolfa;14;14;;
2008/2009;71;Villapizzone - Cagnola - Boldinasco;966;750;208;8
2008/2009;72;Maggiore - Musocco - Certosa;202;132;67;3
2008/2009;73;Cascina Merlata;;;;
2008/2009;74;Roserio;;;;
2008/2009;75;Stephenson;;;;
2008/2009;76;Quarto Oggiaro - Vialba - Musocco;687;514;164;9
2008/2009;77;Bovisa;448;313;127;8
2008/2009;78;Farini;;;;
2008/2009;79;Dergano;361;232;122;7
2008/2009;80;Affori;465;335;122;8
2008/2009;81;Bovisasca;212;159;52;1
2008/2009;82;Comasina;257;202;51;4
2008/2009;83;Bruzzano;280;221;53;6
2008/2009;84;Parco Nord;17;14;;3
2008/2009;85;Parco delle Abbazie;;;;
2008/2009;86;Parco dei Navigli;;;;
2008/2009;87;Assiano;;;;
2008/2009;88;Parco Bosco in citta';;;;
2009/2010;1;Duomo;426;403;22;1
2009/2010;2;Brera;665;606;59;
2009/2010;3;Giardini P.ta Venezia;152;149;3;
2009/2010;4;Guastalla;459;443;16;
2009/2010;5;Porta Vigentina - Porta Lodovica;596;585;11;
2009/2010;6;Porta Ticinese - Conca del Naviglio;711;696;15;
2009/2010;7;Magenta - S.Vittore;785;764;21;
2009/2010;8;Parco Sempione;;;;
2009/2010;9;Porta Garibaldi - Porta Nuova;80;76;4;
2009/2010;10;Stazione Centrale - Ponte Seveso;245;237;8;
2009/2010;11;Isola;447;436;11;
2009/2010;12;Maciachini - Maggiolina;800;780;17;3
2009/2010;13;Greco - Segnano;241;231;10;
2009/2010;14;Niguarda - Ca? Granda - Prato Centenaro - Q.re Fulvio Testi;1118;1094;23;1
2009/2010;15;Bicocca;;;;
2009/2010;16;Gorla - Precotto;865;835;28;2
2009/2010;17;Adriano;294;286;7;1
2009/2010;18;Cimiano - Rottole - Q.re Feltre;646;583;52;11
2009/2010;19;Padova - Turro - Crescenzago;550;530;20;
2009/2010;20;Loreto - Casoretto - NoLo;841;798;42;1
2009/2010;21;Buenos Aires - Porta Venezia - Porta Monforte;1491;1442;44;5
2009/2010;22;Citta' studi;791;771;19;1
2009/2010;23;Lambrate - Ortica;433;416;17;
2009/2010;24;Parco Forlanini - Cavriano;;;;
2009/2010;25;Corsica;551;533;17;1
2009/2010;26;XXII Marzo;775;757;14;4
2009/2010;27;Pta Romana;123;122;;1
2009/2010;28;Umbria - Molise - Calvairate;343;333;9;1
2009/2010;29;Ortomercato;177;170;7;
2009/2010;30;Taliedo - Morsenchio - Q.re Forlanini;416;411;5;
2009/2010;31;Monlue' - Ponte Lambro;104;101;3;
2009/2010;32;Triulzo Superiore;;;;
2009/2010;33;Rogoredo - Santa Giulia;175;172;2;1
2009/2010;34;Chiaravalle;27;27;;
2009/2010;35;Lodi - Corvetto;1232;1189;43;
2009/2010;36;Scalo Romana;;;;
2009/2010;37;Morivione;103;102;1;
2009/2010;38;Vigentino - Q.re Fatima;428;411;15;2
2009/2010;39;Quintosole;;;;
2009/2010;40;Ronchetto delle Rane;;;;
2009/2010;41;Gratosoglio - Q.re Missaglia - Q.re Terrazze;338;329;7;2
2009/2010;42;Stadera - Chiesa Rossa - Q.re Torretta - Conca Fallata;723;698;25;
2009/2010;43;Tibaldi;204;201;3;
2009/2010;44;Porta Ticinese - Conchetta;307;286;10;11
2009/2010;45;Moncucco - San Cristoforo;383;371;11;1
2009/2010;46;Barona;246;234;11;1
2009/2010;47;Cantalupa;;;;
2009/2010;48;Ronchetto sul Naviglio - Q.re Lodovico il Moro;313;305;8;
2009/2010;49;Giambellino;282;271;11;
2009/2010;50;Porta Genova;499;491;7;1
2009/2010;51;Porta Magenta;394;379;14;1
2009/2010;52;Bande Nere;1407;1348;54;5
2009/2010;53;Lorenteggio;593;576;17;
2009/2010;54;Muggiano;25;24;1;
2009/2010;55;Baggio - Q.re degli Olmi - Q.re Valsesia;696;681;15;
2009/2010;56;Forze Armate;657;636;18;3
2009/2010;57;San Siro;176;161;15;
2009/2010;58;De Angeli - Monte Rosa;351;335;16;
2009/2010;59;Tre Torri;;;;
2009/2010;60;Stadio - Ippodromi;941;799;140;2
2009/2010;61;Quarto Cagnino;240;231;9;
2009/2010;62;Quinto Romano;102;101;1;
2009/2010;63;Figino;62;61;1;
2009/2010;64;Trenno;135;134;1;
2009/2010;65;Q.re Gallaratese - Q.re San Leonardo - Lampugnano;626;616;10;
2009/2010;66;QT 8;240;236;4;
2009/2010;67;Portello;357;349;8;
2009/2010;68;Pagano;583;568;15;
2009/2010;69;Sarpi;595;579;15;1
2009/2010;70;Ghisolfa;;;;
2009/2010;71;Villapizzone - Cagnola - Boldinasco;1132;1096;35;1
2009/2010;72;Maggiore - Musocco - Certosa;170;156;14;
2009/2010;73;Cascina Merlata;;;;
2009/2010;74;Roserio;;;;
2009/2010;75;Stephenson;;;;
2009/2010;76;Quarto Oggiaro - Vialba - Musocco;678;659;17;2
2009/2010;77;Bovisa;427;400;18;9
2009/2010;78;Farini;;;;
2009/2010;79;Dergano;445;426;16;3
2009/2010;80;Affori;485;472;13;
2009/2010;81;Bovisasca;217;212;5;
2009/2010;82;Comasina;259;254;5;
2009/2010;83;Bruzzano;285;272;13;
2009/2010;84;Parco Nord;100;98;2;
2009/2010;85;Parco delle Abbazie;;;;
2009/2010;86;Parco dei Navigli;;;;
2009/2010;87;Assiano;;;;
2009/2010;88;Parco Bosco in citta';;;;
2010/2011;1;Duomo;428;408;19;1
2010/2011;2;Brera;675;622;53;
2010/2011;3;Giardini P.ta Venezia;150;144;6;
2010/2011;4;Guastalla;433;419;14;
2010/2011;5;Porta Vigentina - Porta Lodovica;595;584;11;
2010/2011;6;Porta Ticinese - Conca del Naviglio;720;702;18;
2010/2011;7;Magenta - S.Vittore;774;748;26;
2010/2011;8;Parco Sempione;;;;
2010/2011;9;Porta Garibaldi - Porta Nuova;78;78;;
2010/2011;10;Stazione Centrale - Ponte Seveso;243;234;8;1
2010/2011;11;Isola;435;422;13;
2010/2011;12;Maciachini - Maggiolina;809;791;18;
2010/2011;13;Greco - Segnano;234;227;7;
2010/2011;14;Niguarda - Ca? Granda - Prato Centenaro - Q.re Fulvio Testi;1149;1110;37;2
2010/2011;15;Bicocca;;;;
2010/2011;16;Gorla - Precotto;852;814;37;1
2010/2011;17;Adriano;298;290;8;
2010/2011;18;Cimiano - Rottole - Q.re Feltre;675;613;59;3
2010/2011;19;Padova - Turro - Crescenzago;546;532;14;
2010/2011;20;Loreto - Casoretto - NoLo;843;806;36;1
2010/2011;21;Buenos Aires - Porta Venezia - Porta Monforte;1425;1384;39;2
2010/2011;22;Citta' studi;712;696;16;
2010/2011;23;Lambrate - Ortica;437;424;13;
2010/2011;24;Parco Forlanini - Cavriano;;;;
2010/2011;25;Corsica;592;571;20;1
2010/2011;26;XXII Marzo;771;751;20;
2010/2011;27;Pta Romana;79;78;1;
2010/2011;28;Umbria - Molise - Calvairate;332;321;10;1
2010/2011;29;Ortomercato;173;163;10;
2010/2011;30;Taliedo - Morsenchio - Q.re Forlanini;456;448;8;
2010/2011;31;Monlue' - Ponte Lambro;103;102;1;
2010/2011;32;Triulzo Superiore;;;;
2010/2011;33;Rogoredo - Santa Giulia;201;194;7;
2010/2011;34;Chiaravalle;27;26;1;
2010/2011;35;Lodi - Corvetto;1213;1169;43;1
2010/2011;36;Scalo Romana;;;;
2010/2011;37;Morivione;95;92;2;1
2010/2011;38;Vigentino - Q.re Fatima;413;401;11;1
2010/2011;39;Quintosole;;;;
2010/2011;40;Ronchetto delle Rane;;;;
2010/2011;41;Gratosoglio - Q.re Missaglia - Q.re Terrazze;336;323;12;1
2010/2011;42;Stadera - Chiesa Rossa - Q.re Torretta - Conca Fallata;714;686;28;
2010/2011;43;Tibaldi;200;197;3;
2010/2011;44;Porta Ticinese - Conchetta;303;291;7;5
2010/2011;45;Moncucco - San Cristoforo;386;380;6;
2010/2011;46;Barona;257;250;7;
2010/2011;47;Cantalupa;;;;
2010/2011;48;Ronchetto sul Naviglio - Q.re Lodovico il Moro;307;302;5;
2010/2011;49;Giambellino;288;263;23;2
2010/2011;50;Porta Genova;495;484;11;
2010/2011;51;Porta Magenta;382;370;11;1
2010/2011;52;Bande Nere;1402;1341;59;2
2010/2011;53;Lorenteggio;598;576;21;1
2010/2011;54;Muggiano;26;25;1;
2010/2011;55;Baggio - Q.re degli Olmi - Q.re Valsesia;701;682;19;
2010/2011;56;Forze Armate;636;623;12;1
2010/2011;57;San Siro;173;155;18;
2010/2011;58;De Angeli - Monte Rosa;343;333;10;
2010/2011;59;Tre Torri;;;;
2010/2011;60;Stadio - Ippodromi;924;784;140;
2010/2011;61;Quarto Cagnino;248;239;9;
2010/2011;62;Quinto Romano;101;97;4;
2010/2011;63;Figino;67;64;3;
2010/2011;64;Trenno;132;129;3;
2010/2011;65;Q.re Gallaratese - Q.re San Leonardo - Lampugnano;615;606;9;
2010/2011;66;QT 8;242;233;9;
2010/2011;67;Portello;352;350;2;
2010/2011;68;Pagano;571;559;12;
2010/2011;69;Sarpi;585;567;15;3
2010/2011;70;Ghisolfa;;;;
2010/2011;71;Villapizzone - Cagnola - Boldinasco;1167;1118;45;4
2010/2011;72;Maggiore - Musocco - Certosa;169;157;12;
2010/2011;73;Cascina Merlata;;;;
2010/2011;74;Roserio;;;;
2010/2011;75;Stephenson;;;;
2010/2011;76;Quarto Oggiaro - Vialba - Musocco;661;643;18;
2010/2011;77;Bovisa;413;392;20;1
2010/2011;78;Farini;;;;
2010/2011;79;Dergano;439;426;13;
2010/2011;80;Affori;484;468;16;
2010/2011;81;Bovisasca;233;224;9;
2010/2011;82;Comasina;257;253;4;
2010/2011;83;Bruzzano;281;271;10;
2010/2011;84;Parco Nord;100;98;2;
2010/2011;85;Parco delle Abbazie;;;;
2010/2011;86;Parco dei Navigli;;;;
2010/2011;87;Assiano;;;;
2010/2011;88;Parco Bosco in citta';;;;
2011/2012;1;Duomo;419;375;44;
2011/2012;2;Brera;649;582;67;
2011/2012;3;Giardini P.ta Venezia;159;153;6;
2011/2012;4;Guastalla;440;417;23;
2011/2012;5;Porta Vigentina - Porta Lodovica;607;556;51;
2011/2012;6;Porta Ticinese - Conca del Naviglio;721;629;92;
2011/2012;7;Magenta - S.Vittore;831;783;48;
2011/2012;8;Parco Sempione;;;;
2011/2012;9;Porta Garibaldi - Porta Nuova;75;68;7;
2011/2012;10;Stazione Centrale - Ponte Seveso;245;209;36;
2011/2012;11;Isola;435;371;63;1
2011/2012;12;Maciachini - Maggiolina;816;657;159;
2011/2012;13;Greco - Segnano;266;182;84;
2011/2012;14;Niguarda - Ca? Granda - Prato Centenaro - Q.re Fulvio Testi;1113;941;171;1
2011/2012;15;Bicocca;;;;
2011/2012;16;Gorla - Precotto;891;660;231;
2011/2012;17;Adriano;298;215;83;
2011/2012;18;Cimiano - Rottole - Q.re Feltre;658;515;142;1
2011/2012;19;Padova - Turro - Crescenzago;555;403;152;
2011/2012;20;Loreto - Casoretto - NoLo;860;546;314;
2011/2012;21;Buenos Aires - Porta Venezia - Porta Monforte;1487;1322;165;
2011/2012;22;Citta' studi;766;674;92;
2011/2012;23;Lambrate - Ortica;447;379;68;
2011/2012;24;Parco Forlanini - Cavriano;;;;
2011/2012;25;Corsica;615;534;81;
2011/2012;26;XXII Marzo;802;701;101;
2011/2012;27;Pta Romana;116;112;4;
2011/2012;28;Umbria - Molise - Calvairate;334;262;72;
2011/2012;29;Ortomercato;146;66;80;
2011/2012;30;Taliedo - Morsenchio - Q.re Forlanini;461;371;90;
2011/2012;31;Monlue' - Ponte Lambro;101;52;49;
2011/2012;32;Triulzo Superiore;;;;
2011/2012;33;Rogoredo - Santa Giulia;199;161;38;
2011/2012;34;Chiaravalle;19;17;2;
2011/2012;35;Lodi - Corvetto;1238;959;279;
2011/2012;36;Scalo Romana;;;;
2011/2012;37;Morivione;103;83;20;
2011/2012;38;Vigentino - Q.re Fatima;418;350;68;
2011/2012;39;Quintosole;;;;
2011/2012;40;Ronchetto delle Rane;;;;
2011/2012;41;Gratosoglio - Q.re Missaglia - Q.re Terrazze;347;262;85;
2011/2012;42;Stadera - Chiesa Rossa - Q.re Torretta - Conca Fallata;763;598;165;
2011/2012;43;Tibaldi;210;206;4;
2011/2012;44;Porta Ticinese - Conchetta;301;241;60;
2011/2012;45;Moncucco - San Cristoforo;410;327;83;
2011/2012;46;Barona;255;186;69;
2011/2012;47;Cantalupa;;;;
2011/2012;48;Ronchetto sul Naviglio - Q.re Lodovico il Moro;348;274;74;
2011/2012;49;Giambellino;295;183;112;
2011/2012;50;Porta Genova;488;467;21;
2011/2012;51;Porta Magenta;398;365;33;
2011/2012;52;Bande Nere;1403;1148;255;
2011/2012;53;Lorenteggio;585;461;124;
2011/2012;54;Muggiano;24;19;5;
2011/2012;55;Baggio - Q.re degli Olmi - Q.re Valsesia;704;578;126;
2011/2012;56;Forze Armate;640;506;134;
2011/2012;57;San Siro;172;90;82;
2011/2012;58;De Angeli - Monte Rosa;335;309;26;
2011/2012;59;Tre Torri;;;;
2011/2012;60;Stadio - Ippodromi;856;627;229;
2011/2012;61;Quarto Cagnino;244;202;42;
2011/2012;62;Quinto Romano;94;76;18;
2011/2012;63;Figino;65;57;8;
2011/2012;64;Trenno;135;131;4;
2011/2012;65;Q.re Gallaratese - Q.re San Leonardo - Lampugnano;621;558;63;
2011/2012;66;QT 8;240;217;23;
2011/2012;67;Portello;364;329;35;
2011/2012;68;Pagano;539;518;21;
2011/2012;69;Sarpi;659;550;109;
2011/2012;70;Ghisolfa;;;;
2011/2012;71;Villapizzone - Cagnola - Boldinasco;1183;769;412;2
2011/2012;72;Maggiore - Musocco - Certosa;171;127;44;
2011/2012;73;Cascina Merlata;;;;
2011/2012;74;Roserio;;;;
2011/2012;75;Stephenson;;;;
2011/2012;76;Quarto Oggiaro - Vialba - Musocco;655;467;188;
2011/2012;77;Bovisa;421;283;138;
2011/2012;78;Farini;;;;
2011/2012;79;Dergano;428;267;161;
2011/2012;80;Affori;494;329;165;
2011/2012;81;Bovisasca;232;154;78;
2011/2012;82;Comasina;258;181;77;
2011/2012;83;Bruzzano;280;198;82;
2011/2012;84;Parco Nord;100;98;2;
2011/2012;85;Parco delle Abbazie;;;;
2011/2012;86;Parco dei Navigli;;;;
2011/2012;87;Assiano;;;;
2011/2012;88;Parco Bosco in citta';;;;
2012/2013;1;Duomo;426;382;44;
2012/2013;2;Brera;653;596;57;
2012/2013;3;Giardini P.ta Venezia;154;152;2;
2012/2013;4;Guastalla;436;409;27;
2012/2013;5;Porta Vigentina - Porta Lodovica;587;542;45;
2012/2013;6;Porta Ticinese - Conca del Naviglio;714;617;97;
2012/2013;7;Magenta - S.Vittore;729;674;55;
2012/2013;8;Parco Sempione;;;;
2012/2013;9;Porta Garibaldi - Porta Nuova;73;68;5;
2012/2013;10;Stazione Centrale - Ponte Seveso;241;210;31;
2012/2013;11;Isola;458;386;72;
2012/2013;12;Maciachini - Maggiolina;802;639;163;
2012/2013;13;Greco - Segnano;268;191;77;
2012/2013;14;Niguarda - Ca? Granda - Prato Centenaro - Q.re Fulvio Testi;1119;902;217;
2012/2013;15;Bicocca;;;;
2012/2013;16;Gorla - Precotto;903;662;241;
2012/2013;17;Adriano;281;197;84;
2012/2013;18;Cimiano - Rottole - Q.re Feltre;631;482;149;
2012/2013;19;Padova - Turro - Crescenzago;592;424;168;
2012/2013;20;Loreto - Casoretto - NoLo;893;549;344;
2012/2013;21;Buenos Aires - Porta Venezia - Porta Monforte;1508;1310;198;
2012/2013;22;Citta' studi;716;632;84;
2012/2013;23;Lambrate - Ortica;430;363;67;
2012/2013;24;Parco Forlanini - Cavriano;;;;
2012/2013;25;Corsica;604;518;86;
2012/2013;26;XXII Marzo;774;669;105;
2012/2013;27;Pta Romana;78;78;0;
2012/2013;28;Umbria - Molise - Calvairate;322;263;59;
2012/2013;29;Ortomercato;145;59;86;
2012/2013;30;Taliedo - Morsenchio - Q.re Forlanini;444;358;86;
2012/2013;31;Monlue' - Ponte Lambro;98;57;41;
2012/2013;32;Triulzo Superiore;;;;
2012/2013;33;Rogoredo - Santa Giulia;226;178;48;
2012/2013;34;Chiaravalle;15;13;2;
2012/2013;35;Lodi - Corvetto;1181;900;281;
2012/2013;36;Scalo Romana;;;;
2012/2013;37;Morivione;113;90;23;
2012/2013;38;Vigentino - Q.re Fatima;415;344;71;
2012/2013;39;Quintosole;;;;
2012/2013;40;Ronchetto delle Rane;;;;
2012/2013;41;Gratosoglio - Q.re Missaglia - Q.re Terrazze;350;248;102;
2012/2013;42;Stadera - Chiesa Rossa - Q.re Torretta - Conca Fallata;745;571;174;
2012/2013;43;Tibaldi;205;205;0;
2012/2013;44;Porta Ticinese - Conchetta;314;266;48;
2012/2013;45;Moncucco - San Cristoforo;388;307;81;
2012/2013;46;Barona;253;184;69;
2012/2013;47;Cantalupa;;;;
2012/2013;48;Ronchetto sul Naviglio - Q.re Lodovico il Moro;348;275;73;
2012/2013;49;Giambellino;280;169;111;
2012/2013;50;Porta Genova;494;464;30;
2012/2013;51;Porta Magenta;399;366;33;
2012/2013;52;Bande Nere;1399;1142;257;
2012/2013;53;Lorenteggio;565;439;126;
2012/2013;54;Muggiano;21;17;4;
2012/2013;55;Baggio - Q.re degli Olmi - Q.re Valsesia;681;533;148;
2012/2013;56;Forze Armate;627;491;136;
2012/2013;57;San Siro;233;164;69;
2012/2013;58;De Angeli - Monte Rosa;314;295;19;
2012/2013;59;Tre Torri;;;;
2012/2013;60;Stadio - Ippodromi;872;608;264;
2012/2013;61;Quarto Cagnino;243;206;37;
2012/2013;62;Quinto Romano;79;63;16;
2012/2013;63;Figino;69;53;16;
2012/2013;64;Trenno;121;118;3;
2012/2013;65;Q.re Gallaratese - Q.re San Leonardo - Lampugnano;591;525;66;
2012/2013;66;QT 8;224;203;21;
2012/2013;67;Portello;370;333;37;
2012/2013;68;Pagano;534;515;19;
2012/2013;69;Sarpi;695;576;119;
2012/2013;70;Ghisolfa;;;;
2012/2013;71;Villapizzone - Cagnola - Boldinasco;1176;777;399;
2012/2013;72;Maggiore - Musocco - Certosa;172;138;34;
2012/2013;73;Cascina Merlata;;;;
2012/2013;74;Roserio;;;;
2012/2013;75;Stephenson;;;;
2012/2013;76;Quarto Oggiaro - Vialba - Musocco;615;439;176;
2012/2013;77;Bovisa;452;284;168;
2012/2013;78;Farini;;;;
2012/2013;79;Dergano;441;297;144;
2012/2013;80;Affori;492;328;164;
2012/2013;81;Bovisasca;224;147;77;
2012/2013;82;Comasina;257;179;78;
2012/2013;83;Bruzzano;302;214;88;
2012/2013;84;Parco Nord;99;98;1;
2012/2013;85;Parco delle Abbazie;;;;
2012/2013;86;Parco dei Navigli;;;;
2012/2013;87;Assiano;;;;
2012/2013;88;Parco Bosco in citta';;;;
2013/2014;1;Duomo;425;410;15;
2013/2014;2;Brera;652;597;55;
2013/2014;3;Giardini P.ta Venezia;149;146;3;
2013/2014;4;Guastalla;409;399;10;
2013/2014;5;Porta Vigentina - Porta Lodovica;591;573;18;
2013/2014;6;Porta Ticinese - Conca del Naviglio;700;674;26;
2013/2014;7;Magenta - S.Vittore;721;682;39;
2013/2014;8;Parco Sempione;;;;
2013/2014;9;Porta Garibaldi - Porta Nuova;74;71;3;
2013/2014;10;Stazione Centrale - Ponte Seveso;236;233;3;
2013/2014;11;Isola;483;473;10;
2013/2014;12;Maciachini - Maggiolina;788;761;27;
2013/2014;13;Greco - Segnano;277;270;7;
2013/2014;14;Niguarda - Ca? Granda - Prato Centenaro - Q.re Fulvio Testi;1122;1096;26;
2013/2014;15;Bicocca;;;;
2013/2014;16;Gorla - Precotto;884;866;18;
2013/2014;17;Adriano;292;286;6;
2013/2014;18;Cimiano - Rottole - Q.re Feltre;676;621;55;
2013/2014;19;Padova - Turro - Crescenzago;637;615;22;
2013/2014;20;Loreto - Casoretto - NoLo;855;811;44;
2013/2014;21;Buenos Aires - Porta Venezia - Porta Monforte;1488;1452;36;
2013/2014;22;Citta' studi;703;685;18;
2013/2014;23;Lambrate - Ortica;477;467;10;
2013/2014;24;Parco Forlanini - Cavriano;;;;
2013/2014;25;Corsica;586;562;24;
2013/2014;26;XXII Marzo;786;763;23;
2013/2014;27;Pta Romana;94;89;5;
2013/2014;28;Umbria - Molise - Calvairate;374;358;16;
2013/2014;29;Ortomercato;145;136;9;
2013/2014;30;Taliedo - Morsenchio - Q.re Forlanini;490;478;12;
2013/2014;31;Monlue' - Ponte Lambro;101;95;6;
2013/2014;32;Triulzo Superiore;;;;
2013/2014;33;Rogoredo - Santa Giulia;229;225;4;
2013/2014;34;Chiaravalle;24;23;1;
2013/2014;35;Lodi - Corvetto;1177;1121;56;
2013/2014;36;Scalo Romana;;;;
2013/2014;37;Morivione;171;160;11;
2013/2014;38;Vigentino - Q.re Fatima;437;426;11;
2013/2014;39;Quintosole;;;;
2013/2014;40;Ronchetto delle Rane;;;;
2013/2014;41;Gratosoglio - Q.re Missaglia - Q.re Terrazze;359;355;4;
2013/2014;42;Stadera - Chiesa Rossa - Q.re Torretta - Conca Fallata;744;727;17;
2013/2014;43;Tibaldi;183;181;2;
2013/2014;44;Porta Ticinese - Conchetta;313;306;7;
2013/2014;45;Moncucco - San Cristoforo;396;392;4;
2013/2014;46;Barona;236;231;5;
2013/2014;47;Cantalupa;;;;
2013/2014;48;Ronchetto sul Naviglio - Q.re Lodovico il Moro;329;325;4;
2013/2014;49;Giambellino;279;266;13;
2013/2014;50;Porta Genova;486;476;10;
2013/2014;51;Porta Magenta;385;365;20;
2013/2014;52;Bande Nere;1358;1293;65;
2013/2014;53;Lorenteggio;530;510;19;1
2013/2014;54;Muggiano;24;23;1;
2013/2014;55;Baggio - Q.re degli Olmi - Q.re Valsesia;663;641;22;
2013/2014;56;Forze Armate;627;613;14;
2013/2014;57;San Siro;216;207;9;
2013/2014;58;De Angeli - Monte Rosa;301;288;13;
2013/2014;59;Tre Torri;;;;
2013/2014;60;Stadio - Ippodromi;781;661;120;
2013/2014;61;Quarto Cagnino;250;243;7;
2013/2014;62;Quinto Romano;72;71;1;
2013/2014;63;Figino;60;54;6;
2013/2014;64;Trenno;104;103;1;
2013/2014;65;Q.re Gallaratese - Q.re San Leonardo - Lampugnano;580;565;15;
2013/2014;66;QT 8;215;205;10;
2013/2014;67;Portello;360;357;3;
2013/2014;68;Pagano;521;502;19;
2013/2014;69;Sarpi;695;678;17;
2013/2014;70;Ghisolfa;;;;
2013/2014;71;Villapizzone - Cagnola - Boldinasco;1171;1129;42;
2013/2014;72;Maggiore - Musocco - Certosa;194;181;13;
2013/2014;73;Cascina Merlata;;;;
2013/2014;74;Roserio;;;;
2013/2014;75;Stephenson;;;;
2013/2014;76;Quarto Oggiaro - Vialba - Musocco;601;586;15;
2013/2014;77;Bovisa;444;421;23;
2013/2014;78;Farini;;;;
2013/2014;79;Dergano;438;418;20;
2013/2014;80;Affori;486;479;7;
2013/2014;81;Bovisasca;257;241;16;
2013/2014;82;Comasina;245;236;9;
2013/2014;83;Bruzzano;306;300;6;
2013/2014;84;Parco Nord;88;85;3;
2013/2014;85;Parco delle Abbazie;;;;
2013/2014;86;Parco dei Navigli;;;;
2013/2014;87;Assiano;;;;
2013/2014;88;Parco Bosco in citta';;;;
2014/2015;1;Duomo;384;352;31;1
2014/2015;2;Brera;637;590;47;
2014/2015;3;Giardini P.ta Venezia;153;149;4;
2014/2015;4;Guastalla;410;392;18;
2014/2015;5;Porta Vigentina - Porta Lodovica;577;521;52;4
2014/2015;6;Porta Ticinese - Conca del Naviglio;692;599;90;3
2014/2015;7;Magenta - S.Vittore;700;661;38;1
2014/2015;8;Parco Sempione;;;;
2014/2015;9;Porta Garibaldi - Porta Nuova;77;72;5;
2014/2015;10;Stazione Centrale - Ponte Seveso;237;214;22;1
2014/2015;11;Isola;468;415;52;1
2014/2015;12;Maciachini - Maggiolina;778;600;175;3
2014/2015;13;Greco - Segnano;288;196;91;1
2014/2015;14;Niguarda - Ca? Granda - Prato Centenaro - Q.re Fulvio Testi;1110;904;205;1
2014/2015;15;Bicocca;;;;
2014/2015;16;Gorla - Precotto;948;675;266;7
2014/2015;17;Adriano;277;197;78;2
2014/2015;18;Cimiano - Rottole - Q.re Feltre;678;513;164;1
2014/2015;19;Padova - Turro - Crescenzago;639;421;218;
2014/2015;20;Loreto - Casoretto - NoLo;879;565;309;5
2014/2015;21;Buenos Aires - Porta Venezia - Porta Monforte;1276;1090;184;2
2014/2015;22;Citta' studi;848;781;65;2
2014/2015;23;Lambrate - Ortica;455;378;77;
2014/2015;24;Parco Forlanini - Cavriano;;;;
2014/2015;25;Corsica;546;462;81;3
2014/2015;26;XXII Marzo;760;685;75;
2014/2015;27;Pta Romana;88;88;;
2014/2015;28;Umbria - Molise - Calvairate;374;301;73;
2014/2015;29;Ortomercato;153;62;89;2
2014/2015;30;Taliedo - Morsenchio - Q.re Forlanini;498;375;121;2
2014/2015;31;Monlue' - Ponte Lambro;100;54;45;1
2014/2015;32;Triulzo Superiore;;;;
2014/2015;33;Rogoredo - Santa Giulia;229;181;47;1
2014/2015;34;Chiaravalle;25;20;5;
2014/2015;35;Lodi - Corvetto;1156;825;325;6
2014/2015;36;Scalo Romana;;;;
2014/2015;37;Morivione;179;154;23;2
2014/2015;38;Vigentino - Q.re Fatima;439;345;93;1
2014/2015;39;Quintosole;;;;
2014/2015;40;Ronchetto delle Rane;;;;
2014/2015;41;Gratosoglio - Q.re Missaglia - Q.re Terrazze;324;224;98;2
2014/2015;42;Stadera - Chiesa Rossa - Q.re Torretta - Conca Fallata;734;547;182;5
2014/2015;43;Tibaldi;174;173;1;
2014/2015;44;Porta Ticinese - Conchetta;322;293;28;1
2014/2015;45;Moncucco - San Cristoforo;406;333;71;2
2014/2015;46;Barona;241;184;56;1
2014/2015;47;Cantalupa;;;;
2014/2015;48;Ronchetto sul Naviglio - Q.re Lodovico il Moro;330;259;71;
2014/2015;49;Giambellino;285;166;118;1
2014/2015;50;Porta Genova;482;442;40;
2014/2015;51;Porta Magenta;391;362;26;3
2014/2015;52;Bande Nere;1374;1069;297;8
2014/2015;53;Lorenteggio;532;405;127;
2014/2015;54;Muggiano;21;16;3;2
2014/2015;55;Baggio - Q.re degli Olmi - Q.re Valsesia;669;527;141;1
2014/2015;56;Forze Armate;622;493;128;1
2014/2015;57;San Siro;199;148;51;
2014/2015;58;De Angeli - Monte Rosa;281;262;19;
2014/2015;59;Tre Torri;;;;
2014/2015;60;Stadio - Ippodromi;820;494;324;2
2014/2015;61;Quarto Cagnino;243;218;25;
2014/2015;62;Quinto Romano;80;68;12;
2014/2015;63;Figino;52;39;13;
2014/2015;64;Trenno;103;99;4;
2014/2015;65;Q.re Gallaratese - Q.re San Leonardo - Lampugnano;559;471;85;3
2014/2015;66;QT 8;225;207;18;
2014/2015;67;Portello;351;318;33;
2014/2015;68;Pagano;506;478;27;1
2014/2015;69;Sarpi;746;618;127;1
2014/2015;70;Ghisolfa;;;;
2014/2015;71;Villapizzone - Cagnola - Boldinasco;1155;749;401;5
2014/2015;72;Maggiore - Musocco - Certosa;182;144;38;
2014/2015;73;Cascina Merlata;;;;
2014/2015;74;Roserio;;;;
2014/2015;75;Stephenson;;;;
2014/2015;76;Quarto Oggiaro - Vialba - Musocco;595;404;191;
2014/2015;77;Bovisa;447;276;170;1
2014/2015;78;Farini;;;;
2014/2015;79;Dergano;455;295;157;3
2014/2015;80;Affori;539;335;201;3
2014/2015;81;Bovisasca;252;160;92;
2014/2015;82;Comasina;238;161;77;
2014/2015;83;Bruzzano;309;239;67;3
2014/2015;84;Parco Nord;78;77;1;
2014/2015;85;Parco delle Abbazie;;;;
2014/2015;86;Parco dei Navigli;;;;
2014/2015;87;Assiano;;;;
2014/2015;88;Parco Bosco in citta';;;;
2015/2016;1;Duomo;329;300;28;1
2015/2016;2;Brera;556;520;35;1
2015/2016;3;Giardini P.ta Venezia;148;143;5;
2015/2016;4;Guastalla;402;388;14;
2015/2016;5;Porta Vigentina - Porta Lodovica;551;499;50;2
2015/2016;6;Porta Ticinese - Conca del Naviglio;722;624;95;3
2015/2016;7;Magenta - S.Vittore;691;662;28;1
2015/2016;8;Parco Sempione;;;;
2015/2016;9;Porta Garibaldi - Porta Nuova;77;73;4;
2015/2016;10;Stazione Centrale - Ponte Seveso;234;213;20;1
2015/2016;11;Isola;446;404;41;1
2015/2016;12;Maciachini - Maggiolina;765;585;177;3
2015/2016;13;Greco - Segnano;290;195;94;1
2015/2016;14;Niguarda - Ca? Granda - Prato Centenaro - Q.re Fulvio Testi;1101;919;178;4
2015/2016;15;Bicocca;;;;
2015/2016;16;Gorla - Precotto;848;612;231;5
2015/2016;17;Adriano;345;243;97;5
2015/2016;18;Cimiano - Rottole - Q.re Feltre;648;490;156;2
2015/2016;19;Padova - Turro - Crescenzago;584;388;196;
2015/2016;20;Loreto - Casoretto - NoLo;874;557;310;7
2015/2016;21;Buenos Aires - Porta Venezia - Porta Monforte;1227;1086;136;5
2015/2016;22;Citta' studi;835;766;64;5
2015/2016;23;Lambrate - Ortica;480;412;68;
2015/2016;24;Parco Forlanini - Cavriano;;;;
2015/2016;25;Corsica;572;492;79;1
2015/2016;26;XXII Marzo;753;676;76;1
2015/2016;27;Pta Romana;101;99;2;
2015/2016;28;Umbria - Molise - Calvairate;371;282;88;1
2015/2016;29;Ortomercato;145;67;76;2
2015/2016;30;Taliedo - Morsenchio - Q.re Forlanini;490;383;103;4
2015/2016;31;Monlue' - Ponte Lambro;98;55;43;
2015/2016;32;Triulzo Superiore;;;;
2015/2016;33;Rogoredo - Santa Giulia;225;186;37;2
2015/2016;34;Chiaravalle;24;19;5;
2015/2016;35;Lodi - Corvetto;1149;810;328;11
2015/2016;36;Scalo Romana;;;;
2015/2016;37;Morivione;166;144;18;4
2015/2016;38;Vigentino - Q.re Fatima;431;350;79;2
2015/2016;39;Quintosole;;;;
2015/2016;40;Ronchetto delle Rane;;;;
2015/2016;41;Gratosoglio - Q.re Missaglia - Q.re Terrazze;318;232;83;3
2015/2016;42;Stadera - Chiesa Rossa - Q.re Torretta - Conca Fallata;709;523;179;7
2015/2016;43;Tibaldi;194;190;3;1
2015/2016;44;Porta Ticinese - Conchetta;313;285;27;1
2015/2016;45;Moncucco - San Cristoforo;317;259;56;2
2015/2016;46;Barona;228;169;58;1
2015/2016;47;Cantalupa;;;;
2015/2016;48;Ronchetto sul Naviglio - Q.re Lodovico il Moro;336;261;73;2
2015/2016;49;Giambellino;272;156;115;1
2015/2016;50;Porta Genova;470;429;39;2
2015/2016;51;Porta Magenta;369;346;21;2
2015/2016;52;Bande Nere;1319;1032;280;7
2015/2016;53;Lorenteggio;529;400;127;2
2015/2016;54;Muggiano;23;18;5;
2015/2016;55;Baggio - Q.re degli Olmi - Q.re Valsesia;643;509;131;3
2015/2016;56;Forze Armate;618;497;120;1
2015/2016;57;San Siro;201;132;69;
2015/2016;58;De Angeli - Monte Rosa;275;259;16;
2015/2016;59;Tre Torri;;;;
2015/2016;60;Stadio - Ippodromi;761;482;275;4
2015/2016;61;Quarto Cagnino;234;210;24;
2015/2016;62;Quinto Romano;79;74;5;
2015/2016;63;Figino;56;46;10;
2015/2016;64;Trenno;95;89;6;
2015/2016;65;Q.re Gallaratese - Q.re San Leonardo - Lampugnano;556;469;85;2
2015/2016;66;QT 8;226;206;20;
2015/2016;67;Portello;301;270;31;
2015/2016;68;Pagano;488;460;27;1
2015/2016;69;Sarpi;730;595;133;2
2015/2016;70;Ghisolfa;;;;
2015/2016;71;Villapizzone - Cagnola - Boldinasco;1131;710;412;9
2015/2016;72;Maggiore - Musocco - Certosa;177;140;37;
2015/2016;73;Cascina Merlata;;;;
2015/2016;74;Roserio;;;;
2015/2016;75;Stephenson;;;;
2015/2016;76;Quarto Oggiaro - Vialba - Musocco;565;379;186;
2015/2016;77;Bovisa;429;271;157;1
2015/2016;78;Farini;;;;
2015/2016;79;Dergano;428;279;146;3
2015/2016;80;Affori;533;350;178;5
2015/2016;81;Bovisasca;239;150;89;
2015/2016;82;Comasina;229;156;73;
2015/2016;83;Bruzzano;298;226;69;3
2015/2016;84;Parco Nord;64;62;2;
2015/2016;85;Parco delle Abbazie;;;;
2015/2016;86;Parco dei Navigli;;;;
2015/2016;87;Assiano;;;;
2015/2016;88;Parco Bosco in citta';;;;
2016/2017;1;Duomo;306;280;25;1
2016/2017;2;Brera;574;531;42;1
2016/2017;3;Giardini P.ta Venezia;148;143;5;
2016/2017;4;Guastalla;442;417;25;
2016/2017;5;Porta Vigentina - Porta Lodovica;533;479;51;3
2016/2017;6;Porta Ticinese - Conca del Naviglio;704;604;96;4
2016/2017;7;Magenta - S.Vittore;684;637;45;2
2016/2017;8;Parco Sempione;;;;
2016/2017;9;Porta Garibaldi - Porta Nuova;75;70;5;
2016/2017;10;Stazione Centrale - Ponte Seveso;239;212;26;1
2016/2017;11;Isola;502;445;57;
2016/2017;12;Maciachini - Maggiolina;739;573;164;2
2016/2017;13;Greco - Segnano;277;181;95;1
2016/2017;14;Niguarda - Ca? Granda - Prato Centenaro - Q.re Fulvio Testi;1070;862;203;5
2016/2017;15;Bicocca;;;;
2016/2017;16;Gorla - Precotto;839;609;228;2
2016/2017;17;Adriano;373;263;105;5
2016/2017;18;Cimiano - Rottole - Q.re Feltre;648;466;177;5
2016/2017;19;Padova - Turro - Crescenzago;565;361;203;1
2016/2017;20;Loreto - Casoretto - NoLo;857;497;355;5
2016/2017;21;Buenos Aires - Porta Venezia - Porta Monforte;1214;1062;147;5
2016/2017;22;Citta' studi;802;727;72;3
2016/2017;23;Lambrate - Ortica;460;400;60;
2016/2017;24;Parco Forlanini - Cavriano;;;;
2016/2017;25;Corsica;543;435;107;1
2016/2017;26;XXII Marzo;757;655;102;
2016/2017;27;Pta Romana;72;68;4;
2016/2017;28;Umbria - Molise - Calvairate;368;271;94;3
2016/2017;29;Ortomercato;148;62;84;2
2016/2017;30;Taliedo - Morsenchio - Q.re Forlanini;477;369;105;3
2016/2017;31;Monlue' - Ponte Lambro;95;49;46;
2016/2017;32;Triulzo Superiore;;;;
2016/2017;33;Rogoredo - Santa Giulia;227;182;44;1
2016/2017;34;Chiaravalle;17;11;6;
2016/2017;35;Lodi - Corvetto;1143;786;346;11
2016/2017;36;Scalo Romana;;;;
2016/2017;37;Morivione;153;129;22;2
2016/2017;38;Vigentino - Q.re Fatima;425;340;84;1
2016/2017;39;Quintosole;;;;
2016/2017;40;Ronchetto delle Rane;;;;
2016/2017;41;Gratosoglio - Q.re Missaglia - Q.re Terrazze;319;227;89;3
2016/2017;42;Stadera - Chiesa Rossa - Q.re Torretta - Conca Fallata;684;503;175;6
2016/2017;43;Tibaldi;191;187;3;1
2016/2017;44;Porta Ticinese - Conchetta;286;260;26;
2016/2017;45;Moncucco - San Cristoforo;353;286;65;2
2016/2017;46;Barona;235;182;53;
2016/2017;47;Cantalupa;;;;
2016/2017;48;Ronchetto sul Naviglio - Q.re Lodovico il Moro;355;277;74;4
2016/2017;49;Giambellino;279;148;128;3
2016/2017;50;Porta Genova;479;441;35;3
2016/2017;51;Porta Magenta;376;352;22;2
2016/2017;52;Bande Nere;1315;1009;302;4
2016/2017;53;Lorenteggio;535;403;130;2
2016/2017;54;Muggiano;17;14;3;
2016/2017;55;Baggio - Q.re degli Olmi - Q.re Valsesia;636;467;162;7
2016/2017;56;Forze Armate;619;493;125;1
2016/2017;57;San Siro;220;148;72;
2016/2017;58;De Angeli - Monte Rosa;277;263;13;1
2016/2017;59;Tre Torri;;;;
2016/2017;60;Stadio - Ippodromi;769;473;293;3
2016/2017;61;Quarto Cagnino;221;193;28;
2016/2017;62;Quinto Romano;68;63;5;
2016/2017;63;Figino;64;44;20;
2016/2017;64;Trenno;79;76;3;
2016/2017;65;Q.re Gallaratese - Q.re San Leonardo - Lampugnano;545;465;79;1
2016/2017;66;QT 8;222;201;21;
2016/2017;67;Portello;266;245;21;
2016/2017;68;Pagano;498;463;34;1
2016/2017;69;Sarpi;754;627;125;2
2016/2017;70;Ghisolfa;;;;
2016/2017;71;Villapizzone - Cagnola - Boldinasco;1152;712;436;4
2016/2017;72;Maggiore - Musocco - Certosa;185;137;48;
2016/2017;73;Cascina Merlata;;;;
2016/2017;74;Roserio;;;;
2016/2017;75;Stephenson;;;;
2016/2017;76;Quarto Oggiaro - Vialba - Musocco;554;364;189;1
2016/2017;77;Bovisa;417;261;154;2
2016/2017;78;Farini;;;;
2016/2017;79;Dergano;433;276;153;4
2016/2017;80;Affori;533;336;192;5
2016/2017;81;Bovisasca;241;138;103;
2016/2017;82;Comasina;248;167;80;1
2016/2017;83;Bruzzano;302;212;88;2
2016/2017;84;Parco Nord;64;58;6;
2016/2017;85;Parco delle Abbazie;;;;
2016/2017;86;Parco dei Navigli;;;;
2016/2017;87;Assiano;;;;
2016/2017;88;Parco Bosco in citta';;;;
2017/2018;1;Duomo;293;264;29;
2017/2018;2;Brera;577;538;36;3
2017/2018;3;Giardini P.ta Venezia;147;141;6;
2017/2018;4;Guastalla;426;399;27;
2017/2018;5;Porta Vigentina - Porta Lodovica;507;467;39;1
2017/2018;6;Porta Ticinese - Conca del Naviglio;711;602;103;6
2017/2018;7;Magenta - S.Vittore;640;598;40;2
2017/2018;8;Parco Sempione;;;;
2017/2018;9;Porta Garibaldi - Porta Nuova;68;62;6;
2017/2018;10;Stazione Centrale - Ponte Seveso;239;209;29;1
2017/2018;11;Isola;492;428;64;
2017/2018;12;Maciachini - Maggiolina;705;543;161;1
2017/2018;13;Greco - Segnano;265;181;83;1
2017/2018;14;Niguarda - Ca? Granda - Prato Centenaro - Q.re Fulvio Testi;1091;852;231;8
2017/2018;15;Bicocca;;;;
2017/2018;16;Gorla - Precotto;837;585;252;
2017/2018;17;Adriano;365;254;111;
2017/2018;18;Cimiano - Rottole - Q.re Feltre;655;454;193;8
2017/2018;19;Padova - Turro - Crescenzago;583;352;230;1
2017/2018;20;Loreto - Casoretto - NoLo;822;462;354;6
2017/2018;21;Buenos Aires - Porta Venezia - Porta Monforte;1212;1058;151;3
2017/2018;22;Citta' studi;785;703;80;2
2017/2018;23;Lambrate - Ortica;501;440;60;1
2017/2018;24;Parco Forlanini - Cavriano;;;;
2017/2018;25;Corsica;519;401;117;1
2017/2018;26;XXII Marzo;747;650;96;1
2017/2018;27;Pta Romana;104;99;5;
2017/2018;28;Umbria - Molise - Calvairate;378;289;84;5
2017/2018;29;Ortomercato;141;62;77;2
2017/2018;30;Taliedo - Morsenchio - Q.re Forlanini;470;353;114;3
2017/2018;31;Monlue' - Ponte Lambro;94;48;46;
2017/2018;32;Triulzo Superiore;;;;
2017/2018;33;Rogoredo - Santa Giulia;224;184;39;1
2017/2018;34;Chiaravalle;17;9;8;
2017/2018;35;Lodi - Corvetto;1077;724;344;9
2017/2018;36;Scalo Romana;;;;
2017/2018;37;Morivione;156;131;24;1
2017/2018;38;Vigentino - Q.re Fatima;433;349;83;1
2017/2018;39;Quintosole;;;;
2017/2018;40;Ronchetto delle Rane;;;;
2017/2018;41;Gratosoglio - Q.re Missaglia - Q.re Terrazze;314;225;88;1
2017/2018;42;Stadera - Chiesa Rossa - Q.re Torretta - Conca Fallata;652;481;166;5
2017/2018;43;Tibaldi;191;187;4;
2017/2018;44;Porta Ticinese - Conchetta;301;269;32;
2017/2018;45;Moncucco - San Cristoforo;354;287;67;
2017/2018;46;Barona;238;175;62;1
2017/2018;47;Cantalupa;;;;
2017/2018;48;Ronchetto sul Naviglio - Q.re Lodovico il Moro;381;304;74;3
2017/2018;49;Giambellino;275;140;133;2
2017/2018;50;Porta Genova;472;428;40;4
2017/2018;51;Porta Magenta;346;323;23;
2017/2018;52;Bande Nere;1302;959;337;6
2017/2018;53;Lorenteggio;517;374;140;3
2017/2018;54;Muggiano;17;16;1;
2017/2018;55;Baggio - Q.re degli Olmi - Q.re Valsesia;636;442;186;8
2017/2018;56;Forze Armate;618;479;136;3
2017/2018;57;San Siro;223;142;80;1
2017/2018;58;De Angeli - Monte Rosa;274;261;12;1
2017/2018;59;Tre Torri;;;;
2017/2018;60;Stadio - Ippodromi;746;452;291;3
2017/2018;61;Quarto Cagnino;228;189;39;
2017/2018;62;Quinto Romano;76;67;9;
2017/2018;63;Figino;59;31;28;
2017/2018;64;Trenno;80;74;6;
2017/2018;65;Q.re Gallaratese - Q.re San Leonardo - Lampugnano;537;451;86;
2017/2018;66;QT 8;206;181;25;
2017/2018;67;Portello;291;266;24;1
2017/2018;68;Pagano;477;448;29;
2017/2018;69;Sarpi;721;599;120;2
2017/2018;70;Ghisolfa;;;;
2017/2018;71;Villapizzone - Cagnola - Boldinasco;1150;689;455;6
2017/2018;72;Maggiore - Musocco - Certosa;189;133;55;1
2017/2018;73;Cascina Merlata;;;;
2017/2018;74;Roserio;;;;
2017/2018;75;Stephenson;;;;
2017/2018;76;Quarto Oggiaro - Vialba - Musocco;561;366;194;1
2017/2018;77;Bovisa;391;231;159;1
2017/2018;78;Farini;;;;
2017/2018;79;Dergano;444;293;146;5
2017/2018;80;Affori;523;329;188;6
2017/2018;81;Bovisasca;236;124;110;2
2017/2018;82;Comasina;255;175;78;2
2017/2018;83;Bruzzano;309;217;90;2
2017/2018;84;Parco Nord;61;54;7;
2017/2018;85;Parco delle Abbazie;;;;
2017/2018;86;Parco dei Navigli;;;;
2017/2018;87;Assiano;;;;
2017/2018;88;Parco Bosco in citta';;;;
2018/2019;1;Duomo;293;262;31;
2018/2019;2;Brera;590;538;49;3
2018/2019;3;Giardini P.ta Venezia;143;131;12;
2018/2019;4;Guastalla;463;435;28;
2018/2019;5;Porta Vigentina - Porta Lodovica;499;456;42;1
2018/2019;6;Porta Ticinese - Conca del Naviglio;692;581;107;4
2018/2019;7;Magenta - S.Vittore;626;574;51;1
2018/2019;8;Parco Sempione;;;;
2018/2019;9;Porta Garibaldi - Porta Nuova;78;73;4;1
2018/2019;10;Stazione Centrale - Ponte Seveso;278;236;40;2
2018/2019;11;Isola;495;419;75;1
2018/2019;12;Maciachini - Maggiolina;715;557;157;1
2018/2019;13;Greco - Segnano;262;188;74;
2018/2019;14;Niguarda - Ca? Granda - Prato Centenaro - Q.re Fulvio Testi;1094;838;248;8
2018/2019;15;Bicocca;;;;
2018/2019;16;Gorla - Precotto;833;578;252;3
2018/2019;17;Adriano;354;245;108;1
2018/2019;18;Cimiano - Rottole - Q.re Feltre;662;449;206;7
2018/2019;19;Padova - Turro - Crescenzago;595;344;248;3
2018/2019;20;Loreto - Casoretto - NoLo;774;427;345;2
2018/2019;21;Buenos Aires - Porta Venezia - Porta Monforte;1193;1034;158;1
2018/2019;22;Citta' studi;786;690;93;3
2018/2019;23;Lambrate - Ortica;493;431;60;2
2018/2019;24;Parco Forlanini - Cavriano;;;;
2018/2019;25;Corsica;502;402;99;1
2018/2019;26;XXII Marzo;715;628;84;3
2018/2019;27;Pta Romana;98;95;3;
2018/2019;28;Umbria - Molise - Calvairate;387;296;86;5
2018/2019;29;Ortomercato;148;61;84;3
2018/2019;30;Taliedo - Morsenchio - Q.re Forlanini;444;338;105;1
2018/2019;31;Monlue' - Ponte Lambro;101;45;55;1
2018/2019;32;Triulzo Superiore;;;;
2018/2019;33;Rogoredo - Santa Giulia;227;176;51;
2018/2019;34;Chiaravalle;16;8;8;
2018/2019;35;Lodi - Corvetto;1019;665;348;6
2018/2019;36;Scalo Romana;;;;
2018/2019;37;Morivione;143;115;28;
2018/2019;38;Vigentino - Q.re Fatima;425;341;82;2
2018/2019;39;Quintosole;;;;
2018/2019;40;Ronchetto delle Rane;;;;
2018/2019;41;Gratosoglio - Q.re Missaglia - Q.re Terrazze;300;210;87;3
2018/2019;42;Stadera - Chiesa Rossa - Q.re Torretta - Conca Fallata;657;477;172;8
2018/2019;43;Tibaldi;206;201;5;
2018/2019;44;Porta Ticinese - Conchetta;286;256;30;
2018/2019;45;Moncucco - San Cristoforo;357;293;63;1
2018/2019;46;Barona;242;167;75;
2018/2019;47;Cantalupa;;;;
2018/2019;48;Ronchetto sul Naviglio - Q.re Lodovico il Moro;361;279;80;2
2018/2019;49;Giambellino;271;130;139;2
2018/2019;50;Porta Genova;463;429;32;2
2018/2019;51;Porta Magenta;374;333;41;
2018/2019;52;Bande Nere;1308;950;350;8
2018/2019;53;Lorenteggio;536;365;170;1
2018/2019;54;Muggiano;21;18;3;
2018/2019;55;Baggio - Q.re degli Olmi - Q.re Valsesia;647;419;219;9
2018/2019;56;Forze Armate;612;457;151;4
2018/2019;57;San Siro;225;150;73;2
2018/2019;58;De Angeli - Monte Rosa;293;277;15;1
2018/2019;59;Tre Torri;;;;
2018/2019;60;Stadio - Ippodromi;757;466;289;2
2018/2019;61;Quarto Cagnino;240;196;43;1
2018/2019;62;Quinto Romano;69;49;20;
2018/2019;63;Figino;73;44;29;
2018/2019;64;Trenno;79;74;5;
2018/2019;65;Q.re Gallaratese - Q.re San Leonardo - Lampugnano;536;427;107;2
2018/2019;66;QT 8;205;170;34;1
2018/2019;67;Portello;371;345;26;
2018/2019;68;Pagano;484;442;41;1
2018/2019;69;Sarpi;716;603;112;1
2018/2019;70;Ghisolfa;;;;
2018/2019;71;Villapizzone - Cagnola - Boldinasco;1110;668;437;5
2018/2019;72;Maggiore - Musocco - Certosa;186;121;63;2
2018/2019;73;Cascina Merlata;;;;
2018/2019;74;Roserio;;;;
2018/2019;75;Stephenson;;;;
2018/2019;76;Quarto Oggiaro - Vialba - Musocco;554;352;201;1
2018/2019;77;Bovisa;369;219;149;1
2018/2019;78;Farini;;;;
2018/2019;79;Dergano;445;283;156;6
2018/2019;80;Affori;543;327;213;3
2018/2019;81;Bovisasca;247;123;124;
2018/2019;82;Comasina;250;162;87;1
2018/2019;83;Bruzzano;300;205;93;2
2018/2019;84;Parco Nord;51;46;4;1
2018/2019;85;Parco delle Abbazie;;;;
2018/2019;86;Parco dei Navigli;;;;
2018/2019;87;Assiano;;;;
2018/2019;88;Parco Bosco in citta';;;;
2019/2020;1;Duomo;255;213;41;1
2019/2020;10;Stazione Centrale - Ponte Seveso;316;274;41;1
2019/2020;11;Isola;464;394;69;1
2019/2020;12;Maciachini - Maggiolina;699;551;146;2
2019/2020;13;Greco - Segnano;267;195;70;2
2019/2020;14;Niguarda - Ca? Granda - Prato Centenaro - Q.re Fulvio Testi;1122;850;261;11
2019/2020;15;Bicocca;;;;
2019/2020;16;Gorla - Precotto;826;580;242;4
2019/2020;17;Adriano;337;237;100;
2019/2020;18;Cimiano - Rottole - Q.re Feltre;653;453;191;9
2019/2020;19;Padova - Turro - Crescenzago;593;336;255;2
2019/2020;2;Brera;565;516;46;3
2019/2020;20;Loreto - Casoretto - NoLo;765;447;315;3
2019/2020;21;Buenos Aires - Porta Venezia - Porta Monforte;1170;1031;137;2
2019/2020;22;Citta' studi;809;726;81;2
2019/2020;23;Lambrate - Ortica;501;439;60;2
2019/2020;24;Parco Forlanini - Cavriano;;;;
2019/2020;25;Corsica;448;368;80;
2019/2020;26;XXII Marzo;709;638;68;3
2019/2020;27;Pta Romana;91;89;2;
2019/2020;28;Umbria - Molise - Calvairate;382;297;83;2
2019/2020;29;Ortomercato;149;63;82;4
2019/2020;3;Giardini P.ta Venezia;141;125;16;
2019/2020;30;Taliedo - Morsenchio - Q.re Forlanini;463;338;124;1
2019/2020;31;Monlue' - Ponte Lambro;93;52;41;
2019/2020;32;Triulzo Superiore;;;;
2019/2020;33;Rogoredo - Santa Giulia;224;169;54;1
2019/2020;34;Chiaravalle;11;5;6;
2019/2020;35;Lodi - Corvetto;1000;626;362;12
2019/2020;36;Scalo Romana;;;;
2019/2020;37;Morivione;138;109;29;
2019/2020;38;Vigentino - Q.re Fatima;423;344;77;2
2019/2020;39;Quintosole;;;;
2019/2020;4;Guastalla;460;438;22;
2019/2020;40;Ronchetto delle Rane;;;;
2019/2020;41;Gratosoglio - Q.re Missaglia - Q.re Terrazze;267;168;95;4
2019/2020;42;Stadera - Chiesa Rossa - Q.re Torretta - Conca Fallata;637;462;169;6
2019/2020;43;Tibaldi;207;203;4;
2019/2020;44;Porta Ticinese - Conchetta;315;278;36;1
2019/2020;45;Moncucco - San Cristoforo;346;293;51;2
2019/2020;46;Barona;229;141;88;
2019/2020;47;Cantalupa;;;;
2019/2020;48;Ronchetto sul Naviglio - Q.re Lodovico il Moro;365;283;79;3
2019/2020;49;Giambellino;249;120;128;1
2019/2020;5;Porta Vigentina - Porta Lodovica;473;444;28;1
2019/2020;50;Porta Genova;422;383;35;4
2019/2020;51;Porta Magenta;376;346;30;
2019/2020;52;Bande Nere;1274;948;317;9
2019/2020;53;Lorenteggio;539;379;158;2
2019/2020;54;Muggiano;22;20;2;
2019/2020;55;Baggio - Q.re degli Olmi - Q.re Valsesia;649;404;238;7
2019/2020;56;Forze Armate;621;456;162;3
2019/2020;57;San Siro;247;175;70;2
2019/2020;58;De Angeli - Monte Rosa;288;267;21;
2019/2020;59;Tre Torri;;;;
2019/2020;6;Porta Ticinese - Conca del Naviglio;668;579;88;1
2019/2020;60;Stadio - Ippodromi;739;433;303;3
2019/2020;61;Quarto Cagnino;225;177;48;
2019/2020;62;Quinto Romano;66;49;17;
2019/2020;63;Figino;68;41;27;
2019/2020;64;Trenno;75;70;5;
2019/2020;65;Q.re Gallaratese - Q.re San Leonardo - Lampugnano;536;424;109;3
2019/2020;66;QT 8;199;158;40;1
2019/2020;67;Portello;390;348;41;1
2019/2020;68;Pagano;452;428;23;1
2019/2020;69;Sarpi;734;608;124;2
2019/2020;7;Magenta - S.Vittore;594;549;45;
2019/2020;70;Ghisolfa;;;;
2019/2020;71;Villapizzone - Cagnola - Boldinasco;1083;625;452;6
2019/2020;72;Maggiore - Musocco - Certosa;180;119;59;2
2019/2020;73;Cascina Merlata;;;;
2019/2020;74;Roserio;;;;
2019/2020;75;Stephenson;;;;
2019/2020;76;Quarto Oggiaro - Vialba - Musocco;545;344;200;1
2019/2020;77;Bovisa;317;179;138;
2019/2020;78;Farini;;;;
2019/2020;79;Dergano;432;290;138;4
2019/2020;8;Parco Sempione;;;;
2019/2020;80;Affori;537;329;205;3
2019/2020;81;Bovisasca;245;124;121;
2019/2020;82;Comasina;229;124;102;3
2019/2020;83;Bruzzano;293;206;85;2
2019/2020;84;Parco Nord;61;50;10;1
2019/2020;85;Parco delle Abbazie;;;;
2019/2020;86;Parco dei Navigli;;;;
2019/2020;87;Assiano;;;;
2019/2020;88;Parco Bosco in citta';;;;
2019/2020;9;Porta Garibaldi - Porta Nuova;74;68;5;1
2020/2021;1;Duomo;245;209;35;1
2020/2021;2;Brera;518;477;39;2
2020/2021;3;Giardini P.ta Venezia;132;121;11;
2020/2021;4;Guastalla;361;348;12;1
2020/2021;5;Porta Vigentina - Porta Lodovica;442;414;27;1
2020/2021;6;Porta Ticinese - Conca del Naviglio;620;530;90;
2020/2021;7;Magenta - S.Vittore;557;527;30;
2020/2021;8;Parco Sempione;;;;
2020/2021;9;Porta Garibaldi - Porta Nuova;66;63;2;1
2020/2021;10;Stazione Centrale - Ponte Seveso;412;360;50;2
2020/2021;11;Isola;366;332;32;2
2020/2021;12;Maciachini - Maggiolina;589;474;113;2
2020/2021;13;Greco - Segnano;249;185;63;1
2020/2021;14;Niguarda - Ca? Granda - Prato Centenaro - Q.re Fulvio Testi;1023;812;204;7
2020/2021;15;Bicocca;;;;
2020/2021;16;Gorla - Precotto;766;538;223;5
2020/2021;17;Adriano;311;223;86;2
2020/2021;18;Cimiano - Rottole - Q.re Feltre;597;431;163;3
2020/2021;19;Padova - Turro - Crescenzago;523;313;207;3
2020/2021;20;Loreto - Casoretto - NoLo;673;400;271;2
2020/2021;21;Buenos Aires - Porta Venezia - Porta Monforte;1109;997;110;2
2020/2021;22;Citta' studi;753;684;69;
2020/2021;23;Lambrate - Ortica;475;411;63;1
2020/2021;24;Parco Forlanini - Cavriano;;;;
2020/2021;25;Corsica;480;416;64;
2020/2021;26;XXII Marzo;606;559;46;1
2020/2021;27;Pta Romana;80;78;2;
2020/2021;28;Umbria - Molise - Calvairate;340;267;72;1
2020/2021;29;Ortomercato;125;54;68;3
2021/2022;1;Duomo;281;245;35;1
2021/2022;2;Brera;503;468;34;1
2021/2022;3;Giardini P.ta Venezia;119;109;9;1
2021/2022;4;Guastalla;363;346;16;1
2021/2022;5;Porta Vigentina - Porta Lodovica;417;392;24;1
2021/2022;6;Porta Ticinese - Conca del Naviglio;525;449;76;
2021/2022;7;Magenta - S.Vittore;494;463;31;
2021/2022;8;Parco Sempione;;;;
2021/2022;9;Porta Garibaldi - Porta Nuova;58;50;8;
2021/2022;10;Stazione Centrale - Ponte Seveso;452;402;49;1
2021/2022;11;Isola;367;327;39;1
2021/2022;12;Maciachini - Maggiolina;572;459;111;2
2021/2022;13;Greco - Segnano;227;163;62;2
2021/2022;14;Niguarda - Ca? Granda - Prato Centenaro - Q.re Fulvio Testi;1029;798;228;3
2021/2022;15;Bicocca;;;;
2021/2022;16;Gorla - Precotto;766;533;230;3
2021/2022;17;Adriano;320;237;83;
2020/2021;30;Taliedo - Morsenchio - Q.re Forlanini;429;312;115;2
2020/2021;31;Monlue' - Ponte Lambro;92;47;45;
2020/2021;32;Triulzo Superiore;;;;
2020/2021;33;Rogoredo - Santa Giulia;212;162;49;1
2020/2021;34;Chiaravalle;;;;
2020/2021;35;Lodi - Corvetto;901;572;321;8
2020/2021;36;Scalo Romana;65;57;8;
2020/2021;37;Morivione;63;44;19;
2020/2021;38;Vigentino - Q.re Fatima;397;320;75;2
2020/2021;39;Quintosole;;;;
2020/2021;40;Ronchetto delle Rane;;;;
2020/2021;41;Gratosoglio - Q.re Missaglia - Q.re Terrazze;259;156;102;1
2020/2021;42;Stadera - Chiesa Rossa - Q.re Torretta - Conca Fallata;580;433;143;4
2020/2021;43;Tibaldi;206;202;3;1
2020/2021;44;Porta Ticinese - Conchetta;270;242;27;1
2020/2021;45;Moncucco - San Cristoforo;327;277;48;2
2020/2021;46;Barona;214;119;95;
2020/2021;47;Cantalupa;;;;
2020/2021;48;Ronchetto sul Naviglio - Q.re Lodovico il Moro;339;259;78;2
2020/2021;49;Giambellino;240;120;119;1
2020/2021;50;Porta Genova;398;365;31;2
2020/2021;51;Porta Magenta;383;364;19;
2020/2021;52;Bande Nere;1110;836;263;11
2020/2021;53;Lorenteggio;548;412;134;2
2020/2021;54;Muggiano;18;17;1;
2020/2021;55;Baggio - Q.re degli Olmi - Q.re Valsesia;596;360;230;6
2020/2021;56;Forze Armate;552;423;128;1
2020/2021;57;San Siro;246;177;69;
2020/2021;58;De Angeli - Monte Rosa;278;263;15;
2020/2021;59;Tre Torri;;;;
2020/2021;60;Stadio - Ippodromi;710;390;318;2
2020/2021;61;Quarto Cagnino;206;162;44;
2020/2021;62;Quinto Romano;56;40;15;1
2020/2021;63;Figino;75;50;25;
2020/2021;64;Trenno;73;70;3;
2020/2021;65;Q.re Gallaratese - Q.re San Leonardo - Lampugnano;495;404;90;1
2020/2021;66;QT 8;196;164;31;1
2020/2021;67;Portello;366;327;38;1
2020/2021;68;Pagano;415;398;16;1
2020/2021;69;Sarpi;648;573;75;
2020/2021;70;Ghisolfa;;;;
2020/2021;71;Villapizzone - Cagnola - Boldinasco;932;575;350;7
2020/2021;72;Maggiore - Musocco - Certosa;189;125;63;1
2020/2021;73;Cascina Merlata;;;;
2020/2021;74;Roserio;;;;
2020/2021;75;Stephenson;;;;
2020/2021;76;Quarto Oggiaro - Vialba - Musocco;486;304;182;
2020/2021;77;Bovisa;310;210;100;
2020/2021;78;Farini;;;;
2020/2021;79;Dergano;391;284;104;3
2020/2021;80;Affori;479;292;185;2
2020/2021;81;Bovisasca;200;114;86;
2020/2021;82;Comasina;191;112;75;4
2020/2021;83;Bruzzano;290;209;79;2
2020/2021;84;Parco Nord;47;44;2;1
2020/2021;85;Parco delle Abbazie;;;;
2020/2021;86;Parco dei Navigli;;;;
2020/2021;87;Assiano;;;;
2020/2021;88;Parco Bosco in citta';;;;
2021/2022;18;Cimiano - Rottole - Q.re Feltre;586;412;170;4
2021/2022;19;Padova - Turro - Crescenzago;545;337;204;4
2021/2022;20;Loreto - Casoretto - NoLo;772;463;307;2
2021/2022;21;Buenos Aires - Porta Venezia - Porta Monforte;1086;978;105;3
2021/2022;22;Citta' studi;764;706;58;
2021/2022;23;Lambrate - Ortica;462;389;70;3
2021/2022;24;Parco Forlanini - Cavriano;;;;
2021/2022;25;Corsica;468;410;58;
2021/2022;26;XXII Marzo;615;558;55;2
2021/2022;27;Pta Romana;105;104;1;
2021/2022;28;Umbria - Molise - Calvairate;344;280;64;
2021/2022;29;Ortomercato;139;52;83;4
2021/2022;30;Taliedo - Morsenchio - Q.re Forlanini;473;343;128;2
2021/2022;31;Monlue' - Ponte Lambro;93;55;37;1
2021/2022;32;Triulzo Superiore;;;;
2021/2022;33;Rogoredo - Santa Giulia;211;163;48;
2021/2022;34;Chiaravalle;;;;
2021/2022;35;Lodi - Corvetto;937;594;331;12
2021/2022;36;Scalo Romana;99;84;14;1
2021/2022;37;Morivione;58;46;12;
2021/2022;38;Vigentino - Q.re Fatima;397;317;78;2
2021/2022;39;Quintosole;;;;
2021/2022;40;Ronchetto delle Rane;;;;
2021/2022;41;Gratosoglio - Q.re Missaglia - Q.re Terrazze;242;161;78;3
2021/2022;42;Stadera - Chiesa Rossa - Q.re Torretta - Conca Fallata;584;434;146;4
2021/2022;43;Tibaldi;205;203;1;1
2021/2022;44;Porta Ticinese - Conchetta;288;259;29;
2021/2022;45;Moncucco - San Cristoforo;335;296;37;2
2021/2022;46;Barona;172;89;81;2
2021/2022;47;Cantalupa;;;;
2021/2022;48;Ronchetto sul Naviglio - Q.re Lodovico il Moro;347;262;84;1
2021/2022;49;Giambellino;233;114;117;2
2021/2022;50;Porta Genova;394;365;27;2
2021/2022;51;Porta Magenta;364;349;15;
2021/2022;52;Bande Nere;1135;859;268;8
2021/2022;53;Lorenteggio;525;415;107;3
2021/2022;54;Muggiano;19;16;2;1
2021/2022;55;Baggio - Q.re degli Olmi - Q.re Valsesia;583;358;219;6
2021/2022;56;Forze Armate;656;483;169;4
2021/2022;57;San Siro;253;176;77;
2021/2022;58;De Angeli - Monte Rosa;279;263;16;
2021/2022;59;Tre Torri;;;;
2021/2022;60;Stadio - Ippodromi;794;416;373;5
2021/2022;61;Quarto Cagnino;123;111;12;
2021/2022;62;Quinto Romano;57;39;18;
2021/2022;63;Figino;61;41;20;
2021/2022;64;Trenno;72;70;2;
2021/2022;65;Q.re Gallaratese - Q.re San Leonardo - Lampugnano;508;431;77;
2021/2022;66;QT 8;197;156;41;
2021/2022;67;Portello;382;341;40;1
2021/2022;68;Pagano;431;415;15;1
2021/2022;69;Sarpi;615;525;90;
2021/2022;70;Ghisolfa;;;;
2021/2022;71;Villapizzone - Cagnola - Boldinasco;971;612;350;9
2021/2022;72;Maggiore - Musocco - Certosa;204;136;66;2
2021/2022;73;Cascina Merlata;;;;
2021/2022;74;Roserio;;;;
2021/2022;75;Stephenson;;;;
2021/2022;76;Quarto Oggiaro - Vialba - Musocco;512;288;223;1
2021/2022;77;Bovisa;331;216;115;
2021/2022;78;Farini;;;;
2021/2022;79;Dergano;400;282;114;4
2021/2022;80;Affori;479;306;169;4
2021/2022;81;Bovisasca;203;112;90;1
2021/2022;82;Comasina;211;116;95;
2021/2022;83;Bruzzano;288;210;75;3
2021/2022;84;Parco Nord;51;49;2;
2021/2022;85;Parco delle Abbazie;;;;
2021/2022;86;Parco dei Navigli;;;;
2021/2022;87;Assiano;;;;
2021/2022;88;Parco Bosco in citta';;;;
2022/2023;1;Duomo;261;236;24;1
2022/2023;2;Brera;480;428;51;1
2022/2023;3;Giardini P.ta Venezia;128;118;9;1
2022/2023;4;Guastalla;353;334;18;1
2022/2023;5;Porta Vigentina - Porta Lodovica;375;350;23;2
2022/2023;6;Porta Ticinese - Conca del Naviglio;513;446;67;
2022/2023;7;Magenta - S.Vittore;482;448;34;
2022/2023;8;Parco Sempione;;;;
2022/2023;9;Porta Garibaldi - Porta Nuova;54;48;6;
2022/2023;10;Stazione Centrale - Ponte Seveso;297;257;35;5
2022/2023;11;Isola;378;342;34;2
2022/2023;12;Maciachini - Maggiolina;556;453;102;1
2022/2023;13;Greco - Segnano;214;149;61;4
2022/2023;14;Niguarda - Ca? Granda - Prato Centenaro - Q.re Fulvio Testi;1038;821;215;2
2022/2023;15;Bicocca;;;;
2022/2023;16;Gorla - Precotto;725;502;219;4
2022/2023;17;Adriano;318;252;64;2
2022/2023;18;Cimiano - Rottole - Q.re Feltre;559;391;165;3
2022/2023;19;Padova - Turro - Crescenzago;508;297;206;5
2022/2023;20;Loreto - Casoretto - NoLo;670;413;254;3
2022/2023;21;Buenos Aires - Porta Venezia - Porta Monforte;1112;1006;105;1
2022/2023;22;Citta' studi;935;820;113;2
2022/2023;23;Lambrate - Ortica;466;402;62;2
2022/2023;24;Parco Forlanini - Cavriano;;;;
2022/2023;25;Corsica;399;345;53;1
2022/2023;26;XXII Marzo;627;576;48;3
2022/2023;27;Pta Romana;263;235;28;
2022/2023;28;Umbria - Molise - Calvairate;174;137;37;
2022/2023;29;Ortomercato;126;53;69;4
2022/2023;30;Taliedo - Morsenchio - Q.re Forlanini;465;346;115;4
2022/2023;31;Monlue' - Ponte Lambro;92;46;46;
2022/2023;32;Triulzo Superiore;;;;
2022/2023;33;Rogoredo - Santa Giulia;219;155;63;1
2022/2023;34;Chiaravalle;;;;
2022/2023;35;Lodi - Corvetto;901;589;305;7
2022/2023;36;Scalo Romana;180;167;12;1
2022/2023;37;Morivione;81;65;16;
2022/2023;38;Vigentino - Q.re Fatima;398;311;85;2
2022/2023;39;Quintosole;;;;
2022/2023;40;Ronchetto delle Rane;;;;
2022/2023;41;Gratosoglio - Q.re Missaglia - Q.re Terrazze;249;164;82;3
2022/2023;42;Stadera - Chiesa Rossa - Q.re Torretta - Conca Fallata;525;378;142;5
2022/2023;43;Tibaldi;251;240;10;1
2022/2023;44;Porta Ticinese - Conchetta;269;232;36;1
2022/2023;45;Moncucco - San Cristoforo;319;285;33;1
2022/2023;46;Barona;230;130;98;2
2022/2023;47;Cantalupa;;;;
2022/2023;48;Ronchetto sul Naviglio - Q.re Lodovico il Moro;344;283;61;
2022/2023;49;Giambellino;398;221;177;
2022/2023;50;Porta Genova;380;353;27;
2022/2023;51;Porta Magenta;318;306;12;
2022/2023;52;Bande Nere;923;685;234;4
2022/2023;53;Lorenteggio;498;383;114;1
2022/2023;54;Muggiano;21;18;2;1
2022/2023;55;Baggio - Q.re degli Olmi - Q.re Valsesia;562;358;193;11
2022/2023;56;Forze Armate;639;447;185;7
2022/2023;57;San Siro;254;175;79;
2022/2023;58;De Angeli - Monte Rosa;262;249;13;
2022/2023;59;Tre Torri;;;;
2022/2023;60;Stadio - Ippodromi;783;440;338;5
2022/2023;61;Quarto Cagnino;197;161;35;1
2022/2023;62;Quinto Romano;55;32;23;
2022/2023;63;Figino;55;35;20;
2022/2023;64;Trenno;131;124;7;
2022/2023;65;Q.re Gallaratese - Q.re San Leonardo - Lampugnano;515;419;95;1
2022/2023;66;QT 8;203;169;33;1
2022/2023;67;Portello;359;317;42;
2022/2023;68;Pagano;416;394;21;1
2022/2023;69;Sarpi;575;484;88;3
2022/2023;70;Ghisolfa;43;39;4;
2022/2023;71;Villapizzone - Cagnola - Boldinasco;906;568;333;5
2022/2023;72;Maggiore - Musocco - Certosa;221;142;78;1
2022/2023;73;Cascina Merlata;;;;
2022/2023;74;Roserio;;;;
2022/2023;75;Stephenson;;;;
2022/2023;76;Quarto Oggiaro - Vialba - Musocco;511;291;216;4
2022/2023;77;Bovisa;339;239;99;1
2022/2023;78;Farini;;;;
2022/2023;79;Dergano;397;266;129;2
2022/2023;80;Affori;495;322;170;3
2022/2023;81;Bovisasca;223;121;100;2
2022/2023;82;Comasina;207;117;89;1
2022/2023;83;Bruzzano;277;192;82;3
2022/2023;84;Parco Nord;46;44;2;
2022/2023;85;Parco delle Abbazie;;;;
2022/2023;86;Parco dei Navigli;;;;
2022/2023;87;Assiano;;;;
2022/2023;88;Parco Bosco in citta';;;;
2023/2024;1;Duomo;201;184;17;
2023/2024;2;Brera;472;419;51;2
2023/2024;3;Giardini P.ta Venezia;139;126;12;1
2023/2024;4;Guastalla;348;327;21;
2023/2024;5;Porta Vigentina - Porta Lodovica;383;352;29;2
2023/2024;6;Porta Ticinese - Conca del Naviglio;502;447;54;1
2023/2024;7;Magenta - S.Vittore;483;437;45;1
2023/2024;8;Parco Sempione;;;;
2023/2024;9;Porta Garibaldi - Porta Nuova;57;47;10;
2023/2024;10;Stazione Centrale - Ponte Seveso;273;232;40;1
2023/2024;11;Isola;359;336;23;
2023/2024;12;Maciachini - Maggiolina;588;467;118;3
2023/2024;13;Greco - Segnano;202;155;41;6
2023/2024;14;Niguarda - Ca? Granda - Prato Centenaro - Q.re Fulvio Testi;1028;819;206;3
2023/2024;15;Bicocca;;;;
2023/2024;16;Gorla - Precotto;702;480;214;8
2023/2024;17;Adriano;329;256;72;1
2023/2024;18;Cimiano - Rottole - Q.re Feltre;565;398;166;1
2023/2024;19;Padova - Turro - Crescenzago;462;282;177;3
2023/2024;20;Loreto - Casoretto - NoLo;630;410;217;3
2023/2024;21;Buenos Aires - Porta Venezia - Porta Monforte;1129;1024;105;
2023/2024;22;Citta' studi;920;789;127;4
2023/2024;23;Lambrate - Ortica;450;396;53;1
2023/2024;24;Parco Forlanini - Cavriano;;;;
2023/2024;25;Corsica;410;358;52;
2023/2024;26;XXII Marzo;611;548;61;2
2023/2024;27;Pta Romana;347;312;34;1
2023/2024;28;Umbria - Molise - Calvairate;187;135;52;
2023/2024;29;Ortomercato;115;50;63;2
2023/2024;30;Taliedo - Morsenchio - Q.re Forlanini;462;328;131;3
2023/2024;31;Monlue' - Ponte Lambro;97;47;50;
