AnnoScol;Tipologia di Gestione;Unita Scol;Alunni;IdQuartiere;Quartiere
2023/2024;Privata paritaria;2;172;56;Forze Armate
2023/2024;Privata paritaria;1;247;57;San Siro
2023/2024;Privata paritaria;2;236;58;De Angeli - Monte Rosa
2023/2024;Privata paritaria;2;268;60;Stadio - Ippodromi
2023/2024;Privata paritaria;1;50;63;Figino
2023/2024;Privata paritaria;1;55;66;QT 8
2023/2024;Privata paritaria;1;321;67;Portello
2023/2024;Privata paritaria;1;388;68;Pagano
2023/2024;Privata paritaria;1;168;69;Sarpi
2023/2024;Privata paritaria;1;82;70;Ghisolfa
2023/2024;Privata paritaria;2;189;71;Villapizzone - Cagnola - Boldinasco
2023/2024;Privata paritaria;1;125;72;Maggiore - Musocco - Certosa
2023/2024;Privata paritaria;1;238;77;Bovisa
2023/2024;Privata paritaria;1;269;79;Dergano
2023/2024;Privata paritaria;1;207;82;Comasina
2023/2024;Privata paritaria;1;94;84;Parco Nord
2023/2024;Privata non paritaria;2;427;2;Brera
2023/2024;Privata non paritaria;1;170;10;Stazione Centrale - Ponte Seveso
2023/2024;Privata non paritaria;1;255;18;Cimiano - Rottole - Q.re Feltre
2023/2024;Privata non paritaria;1;121;20;Loreto - Casoretto - NoLo
2023/2024;Privata non paritaria;1;223;25;Corsica
2023/2024;Privata non paritaria;1;103;45;Moncucco - San Cristoforo
2023/2024;Privata non paritaria;1;184;49;Giambellino
2023/2024;Privata non paritaria;2;536;60;Stadio - Ippodromi
2023/2024;statale;3;728;1;Duomo
2023/2024;statale;2;461;2;Brera
2023/2024;statale;2;603;4;Guastalla
2023/2024;statale;2;759;5;Porta Vigentina - Porta Lodovica
2023/2024;statale;2;551;6;Porta Ticinese - Conca del Naviglio
2023/2024;statale;3;769;7;Magenta - S.Vittore
2023/2024;statale;1;185;10;Stazione Centrale - Ponte Seveso
2023/2024;statale;1;414;11;Isola
2023/2024;statale;3;1047;12;Maciachini - Maggiolina
2023/2024;statale;2;554;13;Greco - Segnano
2023/2024;statale;4;1201;14;Niguarda - Ca? Granda - Prato Centenaro - Q.re Fulvio Testi
2023/2024;statale;6;1374;16;Gorla - Precotto
2023/2024;statale;1;457;17;Adriano
2023/2024;statale;2;685;18;Cimiano - Rottole - Q.re Feltre
2023/2024;statale;2;625;19;Padova - Turro - Crescenzago
2023/2024;statale;3;1172;20;Loreto - Casoretto - NoLo
2023/2024;statale;4;1575;21;Buenos Aires - Porta Venezia - Porta Monforte
2023/2024;statale;5;1736;22;Citta' studi
2023/2024;statale;2;439;23;Lambrate - Ortica
2023/2024;statale;1;323;25;Corsica
2023/2024;statale;2;900;26;XXII Marzo
2023/2024;statale;2;653;27;Pta Romana
2023/2024;statale;1;279;29;Ortomercato
2023/2024;statale;4;862;30;Taliedo - Morsenchio - Q.re Forlanini
2023/2024;statale;1;189;31;Monlue' - Ponte Lambro
2023/2024;statale;1;354;33;Rogoredo - Santa Giulia
2023/2024;statale;5;1477;35;Lodi - Corvetto
2023/2024;statale;2;241;37;Morivione
2023/2024;statale;1;513;38;Vigentino - Q.re Fatima
2023/2024;statale;3;790;41;Gratosoglio - Q.re Missaglia - Q.re Terrazze
2023/2024;statale;3;869;42;Stadera - Chiesa Rossa - Q.re Torretta - Conca Fallata
2023/2024;statale;1;280;44;Porta Ticinese - Conchetta
2023/2024;statale;1;482;45;Moncucco - San Cristoforo
2023/2024;statale;3;443;46;Barona
2023/2024;statale;3;713;48;Ronchetto sul Naviglio - Q.re Lodovico il Moro
2023/2024;statale;1;373;49;Giambellino
2023/2024;statale;2;697;50;Porta Genova
2023/2024;statale;1;833;51;Porta Magenta
2023/2024;statale;3;951;52;Bande Nere
2023/2024;statale;3;797;53;Lorenteggio
2023/2024;statale;1;80;54;Muggiano
2023/2024;statale;3;1030;55;Baggio - Q.re degli Olmi - Q.re Valsesia
2023/2024;statale;5;1613;56;Forze Armate
2023/2024;statale;1;488;57;San Siro
2023/2024;statale;4;582;60;Stadio - Ippodromi
2023/2024;statale;1;265;61;Quarto Cagnino
2023/2024;statale;1;116;62;Quinto Romano
2023/2024;statale;1;101;63;Figino
2023/2024;statale;6;1390;65;Q.re Gallaratese - Q.re San Leonardo - Lampugnano
2023/2024;statale;1;189;66;QT 8
2023/2024;statale;1;636;67;Portello
2023/2024;statale;1;467;68;Pagano
2023/2024;statale;3;1172;69;Sarpi
2023/2024;statale;4;1470;71;Villapizzone - Cagnola - Boldinasco
2023/2024;statale;2;337;72;Maggiore - Musocco - Certosa
2023/2024;statale;4;1062;76;Quarto Oggiaro - Vialba - Musocco
2023/2024;statale;1;391;78;Farini
2023/2024;statale;2;589;79;Dergano
2023/2024;statale;3;957;80;Affori
2023/2024;statale;1;220;81;Bovisasca
2023/2024;statale;1;167;82;Comasina
2023/2024;statale;2;576;83;Bruzzano
2021/2022;Privata paritaria;2;272;60;Stadio - Ippodromi
2021/2022;Privata paritaria;1;54;63;Figino
2021/2022;Privata paritaria;1;61;66;QT 8
2021/2022;Privata paritaria;1;291;67;Portello
2021/2022;Privata paritaria;1;363;68;Pagano
2021/2022;Privata paritaria;1;171;69;Sarpi
2021/2022;Privata paritaria;3;303;71;Villapizzone - Cagnola - Boldinasco
2021/2022;Privata paritaria;1;102;72;Maggiore - Musocco - Certosa
2021/2022;Privata paritaria;1;243;77;Bovisa
2021/2022;Privata paritaria;1;267;79;Dergano
2021/2022;Privata paritaria;1;220;82;Comasina
2021/2022;Privata paritaria;1;87;84;Parco Nord
2021/2022;Privata non paritaria;2;465;2;Brera
2021/2022;Privata non paritaria;1;135;10;Stazione Centrale - Ponte Seveso
2021/2022;Privata non paritaria;1;257;18;Cimiano - Rottole - Q.re Feltre
2021/2022;Privata non paritaria;1;108;20;Loreto - Casoretto - NoLo
2021/2022;Privata non paritaria;1;241;25;Corsica
2021/2022;Privata non paritaria;1;83;45;Moncucco - San Cristoforo
2021/2022;Privata non paritaria;2;572;60;Stadio - Ippodromi
2021/2022;statale;3;756;1;Duomo
2021/2022;statale;2;522;2;Brera
2021/2022;statale;2;582;4;Guastalla
2021/2022;statale;2;824;5;Porta Vigentina - Porta Lodovica
2021/2022;statale;2;594;6;Porta Ticinese - Conca del Naviglio
2021/2022;statale;3;861;7;Magenta - S.Vittore
2021/2022;statale;1;190;10;Stazione Centrale - Ponte Seveso
2021/2022;statale;1;387;11;Isola
2021/2022;statale;3;1159;12;Maciachini - Maggiolina
2021/2022;statale;2;582;13;Greco - Segnano
2021/2022;statale;4;1239;14;Niguarda - Ca? Granda - Prato Centenaro - Q.re Fulvio Testi
2021/2022;statale;6;1394;16;Gorla - Precotto
2021/2022;statale;1;473;17;Adriano
2021/2022;statale;2;698;18;Cimiano - Rottole - Q.re Feltre
2021/2022;statale;2;685;19;Padova - Turro - Crescenzago
2021/2022;statale;4;1550;20;Loreto - Casoretto - NoLo
2021/2022;statale;4;1726;21;Buenos Aires - Porta Venezia - Porta Monforte
2021/2022;statale;4;1553;22;Citta' studi
2021/2022;statale;2;435;23;Lambrate - Ortica
2021/2022;statale;1;302;25;Corsica
2021/2022;statale;2;963;26;XXII Marzo
2021/2022;statale;1;200;27;Pta Romana
2021/2022;statale;1;451;28;Umbria - Molise - Calvairate
2021/2022;statale;1;299;29;Ortomercato
2021/2022;statale;4;839;30;Taliedo - Morsenchio - Q.re Forlanini
2021/2022;statale;1;188;31;Monlue' - Ponte Lambro
2021/2022;statale;1;371;33;Rogoredo - Santa Giulia
2021/2022;statale;5;1471;35;Lodi - Corvetto
2021/2022;statale;1;176;37;Morivione
2021/2022;statale;2;648;38;Vigentino - Q.re Fatima
2021/2022;statale;3;752;41;Gratosoglio - Q.re Missaglia - Q.re Terrazze
2021/2022;statale;3;929;42;Stadera - Chiesa Rossa - Q.re Torretta - Conca Fallata
2021/2022;statale;1;255;44;Porta Ticinese - Conchetta
2021/2022;statale;1;449;45;Moncucco - San Cristoforo
2021/2022;statale;3;406;46;Barona
2021/2022;statale;3;795;48;Ronchetto sul Naviglio - Q.re Lodovico il Moro
2021/2022;statale;1;447;49;Giambellino
2021/2022;statale;2;717;50;Porta Genova
2021/2022;statale;1;852;51;Porta Magenta
2021/2022;statale;4;1622;52;Bande Nere
2021/2022;statale;3;792;53;Lorenteggio
2021/2022;statale;1;104;54;Muggiano
2021/2022;statale;3;1046;55;Baggio - Q.re degli Olmi - Q.re Valsesia
2021/2022;statale;4;1035;56;Forze Armate
2021/2022;statale;1;492;57;San Siro
2021/2022;statale;4;673;60;Stadio - Ippodromi
2021/2022;statale;1;293;61;Quarto Cagnino
2021/2022;statale;1;124;62;Quinto Romano
2021/2022;statale;1;104;63;Figino
2021/2022;statale;6;1334;65;Q.re Gallaratese - Q.re San Leonardo - Lampugnano
2021/2022;statale;1;235;66;QT 8
2021/2022;statale;1;660;67;Portello
2021/2022;statale;1;486;68;Pagano
2021/2022;statale;3;1220;69;Sarpi
2021/2022;statale;4;1523;71;Villapizzone - Cagnola - Boldinasco
2021/2022;statale;2;349;72;Maggiore - Musocco - Certosa
2021/2022;statale;4;1034;76;Quarto Oggiaro - Vialba - Musocco
2021/2022;statale;1;446;77;Bovisa
2021/2022;statale;2;618;79;Dergano
2021/2022;statale;3;1016;80;Affori
2021/2022;statale;1;206;81;Bovisasca
2021/2022;statale;1;175;82;Comasina
2021/2022;statale;2;588;83;Bruzzano
2015/2016;statale;4;1599;20;Loreto - Casoretto - NoLo
2015/2016;statale;4;1889;21;Buenos Aires - Porta Venezia - Porta Monforte
2015/2016;statale;4;1829;22;Citta' studi
2015/2016;statale;2;451;23;Lambrate - Ortica
2015/2016;statale;1;271;25;Corsica
2015/2016;statale;2;1096;26;XXII Marzo
2015/2016;statale;1;248;27;Pta Romana
2015/2016;statale;1;423;28;Umbria - Molise - Calvairate
2015/2016;statale;1;321;29;Ortomercato
2015/2016;statale;4;825;30;Taliedo - Morsenchio - Q.re Forlanini
2015/2016;statale;1;208;31;Monlue' - Ponte Lambro
2015/2016;statale;1;409;33;Rogoredo - Santa Giulia
2015/2016;statale;4;1260;35;Lodi - Corvetto
2015/2016;statale;1;311;36;Scalo Romana
2015/2016;statale;1;279;37;Morivione
2015/2016;statale;2;678;38;Vigentino - Q.re Fatima
2015/2016;statale;3;805;41;Gratosoglio - Q.re Missaglia - Q.re Terrazze
2015/2016;statale;3;968;42;Stadera - Chiesa Rossa - Q.re Torretta - Conca Fallata
2015/2016;statale;1;298;44;Porta Ticinese - Conchetta
2015/2016;statale;1;326;45;Moncucco - San Cristoforo
2015/2016;statale;3;447;46;Barona
2015/2016;statale;3;874;48;Ronchetto sul Naviglio - Q.re Lodovico il Moro
2015/2016;statale;1;452;49;Giambellino
2015/2016;statale;2;716;50;Porta Genova
2015/2016;statale;1;851;51;Porta Magenta
2015/2016;statale;4;1771;52;Bande Nere
2015/2016;statale;3;928;53;Lorenteggio
2015/2016;statale;1;108;54;Muggiano
2015/2016;statale;3;1111;55;Baggio - Q.re degli Olmi - Q.re Valsesia
2015/2016;statale;4;734;56;Forze Armate
2015/2016;statale;1;396;57;San Siro
2015/2016;statale;4;828;60;Stadio - Ippodromi
2015/2016;statale;1;206;61;Quarto Cagnino
2015/2016;statale;1;136;62;Quinto Romano
2015/2016;statale;1;78;63;Figino
2015/2016;statale;6;1339;65;Q.re Gallaratese - Q.re San Leonardo - Lampugnano
2015/2016;statale;1;284;66;QT 8
2015/2016;statale;1;668;67;Portello
2015/2016;statale;1;514;68;Pagano
2015/2016;statale;3;1354;69;Sarpi
2015/2016;statale;5;1856;71;Villapizzone - Cagnola - Boldinasco
2015/2016;statale;1;133;72;Maggiore - Musocco - Certosa
2015/2016;statale;4;985;76;Quarto Oggiaro - Vialba - Musocco
2015/2016;statale;1;469;77;Bovisa
2015/2016;statale;2;756;79;Dergano
2015/2016;statale;3;1043;80;Affori
2015/2016;statale;1;213;81;Bovisasca
2015/2016;statale;1;203;82;Comasina
2015/2016;statale;2;615;83;Bruzzano
2009/2010;Privata paritaria;1;200;1;Duomo
2009/2010;Statale;3;775;1;Duomo
2009/2010;Privata paritaria;2;174;2;Brera
2009/2010;Privata non paritaria;2;511;2;Brera
2009/2010;Statale;2;530;2;Brera
2009/2010;Privata paritaria;5;812;4;Guastalla
2009/2010;Statale;2;627;4;Guastalla
2009/2010;Privata paritaria;1;126;5;Porta Vigentina - Porta Lodovica
2009/2010;Statale;2;923;5;Porta Vigentina - Porta Lodovica
2009/2010;Privata paritaria;1;174;6;Porta Ticinese - Conca del Naviglio
2009/2010;Statale;2;467;6;Porta Ticinese - Conca del Naviglio
2009/2010;Privata paritaria;3;672;7;Magenta - S.Vittore
2009/2010;Statale;3;943;7;Magenta - S.Vittore
2009/2010;Privata paritaria;3;612;10;Stazione Centrale - Ponte Seveso
2009/2010;Statale;1;224;10;Stazione Centrale - Ponte Seveso
2009/2010;Privata paritaria;1;361;11;Isola
2009/2010;Statale;1;300;11;Isola
2009/2010;Statale;3;1312;12;Maciachini - Maggiolina
2009/2010;Statale;2;536;13;Greco - Segnano
2009/2010;Privata paritaria;2;361;14;Niguarda - Ca? Granda - Prato Centenaro - Q.re Fulvio Testi
2009/2010;Statale;4;1212;14;Niguarda - Ca? Granda - Prato Centenaro - Q.re Fulvio Testi
2009/2010;Statale;6;1265;16;Gorla - Precotto
2009/2010;Statale;1;410;17;Adriano
2009/2010;Privata paritaria;1;126;18;Cimiano - Rottole - Q.re Feltre
2009/2010;Privata non paritaria;1;279;18;Cimiano - Rottole - Q.re Feltre
2009/2010;Statale;2;653;18;Cimiano - Rottole - Q.re Feltre
2009/2010;Privata paritaria;2;423;19;Padova - Turro - Crescenzago
2009/2010;Statale;2;673;19;Padova - Turro - Crescenzago
2009/2010;Privata non paritaria;1;85;20;Loreto - Casoretto - NoLo
2009/2010;Statale;4;1411;20;Loreto - Casoretto - NoLo
2009/2010;Privata paritaria;1;110;21;Buenos Aires - Porta Venezia - Porta Monforte
2009/2010;Statale;4;1665;21;Buenos Aires - Porta Venezia - Porta Monforte
2009/2010;Privata paritaria;4;546;22;Citta' studi
2009/2010;Statale;4;1759;22;Citta' studi
2009/2010;Privata paritaria;2;348;23;Lambrate - Ortica
2009/2010;Statale;2;456;23;Lambrate - Ortica
2009/2010;Privata paritaria;1;207;25;Corsica
2009/2010;Privata non paritaria;1;108;25;Corsica
2009/2010;Statale;1;298;25;Corsica
2009/2010;Privata paritaria;1;130;26;XXII Marzo
2009/2010;Statale;2;877;26;XXII Marzo
2009/2010;Privata paritaria;1;110;27;Pta Romana
2009/2010;Statale;1;219;27;Pta Romana
2009/2010;Statale;1;448;28;Umbria - Molise - Calvairate
2009/2010;Statale;1;255;29;Ortomercato
2009/2010;Statale;4;724;30;Taliedo - Morsenchio - Q.re Forlanini
2009/2010;Statale;1;161;31;Monlue' - Ponte Lambro
2009/2010;Statale;1;352;33;Rogoredo - Santa Giulia
2009/2010;Privata paritaria;3;550;35;Lodi - Corvetto
2009/2010;Statale;4;1236;35;Lodi - Corvetto
2009/2010;Statale;1;239;36;Scalo Romana
2009/2010;Statale;1;286;37;Morivione
2009/2010;Statale;2;670;38;Vigentino - Q.re Fatima
2009/2010;Privata non paritaria;1;73;41;Gratosoglio - Q.re Missaglia - Q.re Terrazze
2009/2010;Statale;3;816;41;Gratosoglio - Q.re Missaglia - Q.re Terrazze
2009/2010;Privata paritaria;1;121;42;Stadera - Chiesa Rossa - Q.re Torretta - Conca Fallata
2009/2010;Statale;3;985;42;Stadera - Chiesa Rossa - Q.re Torretta - Conca Fallata
2009/2010;Privata paritaria;1;317;43;Tibaldi
2009/2010;Statale;1;219;44;Porta Ticinese - Conchetta
2009/2010;Statale;1;316;45;Moncucco - San Cristoforo
2009/2010;Statale;3;531;46;Barona
2009/2010;Statale;3;731;48;Ronchetto sul Naviglio - Q.re Lodovico il Moro
2009/2010;Privata paritaria;1;217;49;Giambellino
2009/2010;Statale;1;380;49;Giambellino
2009/2010;Statale;2;661;50;Porta Genova
2009/2010;Privata paritaria;2;165;51;Porta Magenta
2009/2010;Statale;1;896;51;Porta Magenta
2009/2010;Privata paritaria;3;338;52;Bande Nere
2009/2010;Statale;4;1680;52;Bande Nere
2009/2010;Privata paritaria;1;221;53;Lorenteggio
2009/2010;Statale;3;879;53;Lorenteggio
2009/2010;Statale;1;107;54;Muggiano
2009/2010;Statale;3;1125;55;Baggio - Q.re degli Olmi - Q.re Valsesia
2009/2010;Privata paritaria;1;215;56;Forze Armate
2009/2010;Privata paritaria;1;142;56;Forze Armate
2009/2010;Statale;3;699;56;Forze Armate
2009/2010;Statale;1;351;57;San Siro
2009/2010;Privata paritaria;2;202;58;De Angeli - Monte Rosa
2009/2010;Privata paritaria;2;232;60;Stadio - Ippodromi
2009/2010;Privata non paritaria;3;906;60;Stadio - Ippodromi
2009/2010;Statale;4;747;60;Stadio - Ippodromi
2009/2010;Statale;1;215;61;Quarto Cagnino
2009/2010;Statale;1;166;62;Quinto Romano
2009/2010;Privata paritaria;1;87;63;Figino
2009/2010;Statale;1;70;63;Figino
2009/2010;Statale;7;1430;65;Q.re Gallaratese - Q.re San Leonardo - Lampugnano
2009/2010;Privata paritaria;1;107;66;QT 8
2009/2010;Statale;1;244;66;QT 8
2009/2010;Privata paritaria;2;293;67;Portello
2009/2010;Statale;1;617;67;Portello
2009/2010;Privata paritaria;1;403;68;Pagano
2009/2010;Statale;1;478;68;Pagano
2009/2010;Privata paritaria;1;124;69;Sarpi
2009/2010;Statale;3;1178;69;Sarpi
2009/2010;Privata paritaria;3;304;71;Villapizzone - Cagnola - Boldinasco
2009/2010;Statale;5;1635;71;Villapizzone - Cagnola - Boldinasco
2009/2010;Privata paritaria;1;58;72;Maggiore - Musocco - Certosa
2009/2010;Statale;1;140;72;Maggiore - Musocco - Certosa
2009/2010;Privata paritaria;1;105;76;Quarto Oggiaro - Vialba - Musocco
2009/2010;Statale;4;1095;76;Quarto Oggiaro - Vialba - Musocco
2009/2010;Privata paritaria;1;238;77;Bovisa
2009/2010;Statale;1;366;77;Bovisa
2009/2010;Privata paritaria;1;255;79;Dergano
2009/2010;Statale;2;671;79;Dergano
2009/2010;Statale;3;948;80;Affori
2009/2010;Statale;1;213;81;Bovisasca
2009/2010;Privata paritaria;1;257;82;Comasina
2009/2010;Statale;1;239;82;Comasina
2009/2010;Statale;2;458;83;Bruzzano
2009/2010;Privata paritaria;1;101;84;Parco Nord
2010/2011;Privata paritaria;1;227;1;Duomo
2010/2011;Statale;3;789;1;Duomo
2010/2011;Privata paritaria;2;175;2;Brera
2010/2011;Privata non paritaria;2;502;2;Brera
2010/2011;Statale;2;522;2;Brera
2010/2011;Privata paritaria;5;780;4;Guastalla
2010/2011;Statale;2;611;4;Guastalla
2010/2011;Privata paritaria;1;119;5;Porta Vigentina - Porta Lodovica
2010/2011;Statale;2;927;5;Porta Vigentina - Porta Lodovica
2010/2011;Privata paritaria;1;192;6;Porta Ticinese - Conca del Naviglio
2010/2011;Statale;2;450;6;Porta Ticinese - Conca del Naviglio
2010/2011;Privata paritaria;3;714;7;Magenta - S.Vittore
2010/2011;Statale;3;905;7;Magenta - S.Vittore
2010/2011;Privata paritaria;3;646;10;Stazione Centrale - Ponte Seveso
2010/2011;Statale;1;231;10;Stazione Centrale - Ponte Seveso
2010/2011;Privata paritaria;1;365;11;Isola
2010/2011;Statale;1;313;11;Isola
2010/2011;Statale;3;1317;12;Maciachini - Maggiolina
2010/2011;Statale;2;540;13;Greco - Segnano
2010/2011;Privata paritaria;2;354;14;Niguarda - Ca? Granda - Prato Centenaro - Q.re Fulvio Testi
2010/2011;Statale;4;1215;14;Niguarda - Ca? Granda - Prato Centenaro - Q.re Fulvio Testi
2010/2011;Statale;6;1313;16;Gorla - Precotto
2010/2011;Statale;1;387;17;Adriano
2010/2011;Privata paritaria;1;143;18;Cimiano - Rottole - Q.re Feltre
2010/2011;Privata non paritaria;1;283;18;Cimiano - Rottole - Q.re Feltre
2010/2011;Statale;2;600;18;Cimiano - Rottole - Q.re Feltre
2010/2011;Privata paritaria;2;446;19;Padova - Turro - Crescenzago
2010/2011;Statale;2;672;19;Padova - Turro - Crescenzago
2010/2011;Privata non paritaria;1;82;20;Loreto - Casoretto - NoLo
2010/2011;Statale;4;1432;20;Loreto - Casoretto - NoLo
2010/2011;Privata paritaria;1;106;21;Buenos Aires - Porta Venezia - Porta Monforte
2010/2011;Statale;4;1728;21;Buenos Aires - Porta Venezia - Porta Monforte
2010/2011;Privata paritaria;4;536;22;Citta' studi
2010/2011;Statale;4;1794;22;Citta' studi
2010/2011;Privata paritaria;2;367;23;Lambrate - Ortica
2010/2011;Statale;2;446;23;Lambrate - Ortica
2010/2011;Privata paritaria;1;220;25;Corsica
2010/2011;Privata non paritaria;1;134;25;Corsica
2010/2011;Statale;1;267;25;Corsica
2010/2011;Privata paritaria;1;142;26;XXII Marzo
2010/2011;Statale;2;889;26;XXII Marzo
2010/2011;Privata paritaria;1;105;27;Pta Romana
2010/2011;Statale;1;222;27;Pta Romana
2010/2011;Statale;1;454;28;Umbria - Molise - Calvairate
2010/2011;Statale;1;259;29;Ortomercato
2010/2011;Statale;4;717;30;Taliedo - Morsenchio - Q.re Forlanini
2010/2011;Statale;1;154;31;Monlue' - Ponte Lambro
2010/2011;Statale;1;373;33;Rogoredo - Santa Giulia
2010/2011;Privata paritaria;3;594;35;Lodi - Corvetto
2010/2011;Statale;4;1229;35;Lodi - Corvetto
2010/2011;Statale;1;238;36;Scalo Romana
2010/2011;Statale;1;278;37;Morivione
2010/2011;Statale;2;706;38;Vigentino - Q.re Fatima
2010/2011;Privata non paritaria;1;73;41;Gratosoglio - Q.re Missaglia - Q.re Terrazze
2010/2011;Statale;3;820;41;Gratosoglio - Q.re Missaglia - Q.re Terrazze
2010/2011;Privata paritaria;1;123;42;Stadera - Chiesa Rossa - Q.re Torretta - Conca Fallata
2010/2011;Statale;3;1004;42;Stadera - Chiesa Rossa - Q.re Torretta - Conca Fallata
2010/2011;Privata paritaria;1;317;43;Tibaldi
2010/2011;Statale;1;235;44;Porta Ticinese - Conchetta
2010/2011;Statale;1;305;45;Moncucco - San Cristoforo
2010/2011;Statale;3;528;46;Barona
2010/2011;Privata paritaria;1;27;48;Ronchetto sul Naviglio - Q.re Lodovico il Moro
2010/2011;Statale;3;751;48;Ronchetto sul Naviglio - Q.re Lodovico il Moro
2010/2011;Privata paritaria;1;228;49;Giambellino
2010/2011;Statale;1;395;49;Giambellino
2010/2011;Statale;2;690;50;Porta Genova
2010/2011;Privata paritaria;2;170;51;Porta Magenta
2010/2011;Statale;1;871;51;Porta Magenta
2010/2011;Privata paritaria;3;329;52;Bande Nere
2010/2011;Statale;4;1738;52;Bande Nere
2010/2011;Privata paritaria;1;230;53;Lorenteggio
2010/2011;Statale;3;936;53;Lorenteggio
2010/2011;Statale;1;110;54;Muggiano
2010/2011;Statale;3;1097;55;Baggio - Q.re degli Olmi - Q.re Valsesia
2010/2011;Privata paritaria;1;227;56;Forze Armate
2010/2011;Privata paritaria;1;140;56;Forze Armate
2010/2011;Statale;3;715;56;Forze Armate
2010/2011;Statale;1;360;57;San Siro
2010/2011;Privata paritaria;2;208;58;De Angeli - Monte Rosa
2010/2011;Privata paritaria;2;236;60;Stadio - Ippodromi
2010/2011;Privata non paritaria;3;870;60;Stadio - Ippodromi
2010/2011;Statale;4;726;60;Stadio - Ippodromi
2010/2011;Statale;1;242;61;Quarto Cagnino
2010/2011;Statale;1;169;62;Quinto Romano
2010/2011;Privata paritaria;1;99;63;Figino
2010/2011;Statale;1;60;63;Figino
2010/2011;Statale;7;1404;65;Q.re Gallaratese - Q.re San Leonardo - Lampugnano
2010/2011;Privata paritaria;1;96;66;QT 8
2010/2011;Statale;1;250;66;QT 8
2010/2011;Privata paritaria;2;299;67;Portello
2010/2011;Statale;1;642;67;Portello
2010/2011;Privata paritaria;1;407;68;Pagano
2010/2011;Statale;1;480;68;Pagano
2010/2011;Privata paritaria;1;130;69;Sarpi
2010/2011;Statale;3;1187;69;Sarpi
2010/2011;Privata paritaria;3;299;71;Villapizzone - Cagnola - Boldinasco
2010/2011;Statale;5;1659;71;Villapizzone - Cagnola - Boldinasco
2010/2011;Privata paritaria;1;81;72;Maggiore - Musocco - Certosa
2010/2011;Statale;1;135;72;Maggiore - Musocco - Certosa
2010/2011;Privata paritaria;1;107;76;Quarto Oggiaro - Vialba - Musocco
2010/2011;Statale;4;1045;76;Quarto Oggiaro - Vialba - Musocco
2010/2011;Privata paritaria;1;222;77;Bovisa
2010/2011;Statale;1;375;77;Bovisa
2010/2011;Privata paritaria;1;248;79;Dergano
2010/2011;Statale;2;729;79;Dergano
2010/2011;Statale;3;991;80;Affori
2010/2011;Statale;1;222;81;Bovisasca
2010/2011;Privata paritaria;1;264;82;Comasina
2010/2011;Statale;1;224;82;Comasina
2010/2011;Statale;2;468;83;Bruzzano
2010/2011;Privata paritaria;1;133;84;Parco Nord
2011/2012;Privata paritaria;1;231;1;Duomo
2011/2012;Statale;3;877;1;Duomo
2011/2012;Privata paritaria;2;181;2;Brera
2011/2012;Privata non paritaria;2;493;2;Brera
2011/2012;Statale;2;515;2;Brera
2011/2012;Privata paritaria;5;741;4;Guastalla
2011/2012;Statale;2;614;4;Guastalla
2011/2012;Privata paritaria;1;127;5;Porta Vigentina - Porta Lodovica
2011/2012;Statale;2;915;5;Porta Vigentina - Porta Lodovica
2011/2012;Privata paritaria;1;195;6;Porta Ticinese - Conca del Naviglio
2011/2012;Statale;2;456;6;Porta Ticinese - Conca del Naviglio
2011/2012;Privata paritaria;3;727;7;Magenta - S.Vittore
2011/2012;Statale;3;913;7;Magenta - S.Vittore
2011/2012;Privata paritaria;3;657;10;Stazione Centrale - Ponte Seveso
2011/2012;Statale;1;245;10;Stazione Centrale - Ponte Seveso
2011/2012;Privata paritaria;1;394;11;Isola
2011/2012;Statale;1;302;11;Isola
2011/2012;Statale;3;1352;12;Maciachini - Maggiolina
2011/2012;Statale;2;564;13;Greco - Segnano
2011/2012;Privata paritaria;2;351;14;Niguarda - Ca? Granda - Prato Centenaro - Q.re Fulvio Testi
2011/2012;Statale;4;1189;14;Niguarda - Ca? Granda - Prato Centenaro - Q.re Fulvio Testi
2011/2012;Statale;6;1318;16;Gorla - Precotto
2011/2012;Statale;1;405;17;Adriano
2011/2012;Privata paritaria;1;147;18;Cimiano - Rottole - Q.re Feltre
2011/2012;Privata non paritaria;1;292;18;Cimiano - Rottole - Q.re Feltre
2011/2012;Statale;2;619;18;Cimiano - Rottole - Q.re Feltre
2011/2012;Privata paritaria;2;474;19;Padova - Turro - Crescenzago
2011/2012;Statale;2;645;19;Padova - Turro - Crescenzago
2011/2012;Privata non paritaria;1;79;20;Loreto - Casoretto - NoLo
2011/2012;Statale;4;1431;20;Loreto - Casoretto - NoLo
2011/2012;Privata paritaria;1;120;21;Buenos Aires - Porta Venezia - Porta Monforte
2011/2012;Statale;4;1734;21;Buenos Aires - Porta Venezia - Porta Monforte
2011/2012;Privata paritaria;4;536;22;Citta' studi
2011/2012;Statale;4;1817;22;Citta' studi
2011/2012;Privata paritaria;2;353;23;Lambrate - Ortica
2011/2012;Statale;2;444;23;Lambrate - Ortica
2011/2012;Privata paritaria;1;226;25;Corsica
2011/2012;Privata non paritaria;1;145;25;Corsica
2011/2012;Statale;1;261;25;Corsica
2011/2012;Privata paritaria;1;152;26;XXII Marzo
2011/2012;Statale;2;912;26;XXII Marzo
2011/2012;Privata paritaria;1;101;27;Pta Romana
2011/2012;Statale;1;230;27;Pta Romana
2011/2012;Statale;1;420;28;Umbria - Molise - Calvairate
2011/2012;Statale;1;284;29;Ortomercato
2011/2012;Statale;4;703;30;Taliedo - Morsenchio - Q.re Forlanini
2011/2012;Statale;1;161;31;Monlue' - Ponte Lambro
2011/2012;Statale;1;393;33;Rogoredo - Santa Giulia
2011/2012;Privata paritaria;3;613;35;Lodi - Corvetto
2011/2012;Statale;4;1266;35;Lodi - Corvetto
2011/2012;Statale;1;239;36;Scalo Romana
2011/2012;Statale;1;264;37;Morivione
2011/2012;Statale;2;709;38;Vigentino - Q.re Fatima
2011/2012;Privata non paritaria;1;77;41;Gratosoglio - Q.re Missaglia - Q.re Terrazze
2011/2012;Statale;3;792;41;Gratosoglio - Q.re Missaglia - Q.re Terrazze
2011/2012;Privata paritaria;2;136;42;Stadera - Chiesa Rossa - Q.re Torretta - Conca Fallata
2011/2012;Statale;3;1016;42;Stadera - Chiesa Rossa - Q.re Torretta - Conca Fallata
2011/2012;Privata paritaria;1;324;43;Tibaldi
2011/2012;Statale;1;247;44;Porta Ticinese - Conchetta
2011/2012;Statale;1;316;45;Moncucco - San Cristoforo
2011/2012;Statale;3;533;46;Barona
2011/2012;Privata paritaria;1;51;48;Ronchetto sul Naviglio - Q.re Lodovico il Moro
2011/2012;Statale;3;764;48;Ronchetto sul Naviglio - Q.re Lodovico il Moro
2011/2012;Privata paritaria;1;226;49;Giambellino
2011/2012;Statale;1;386;49;Giambellino
2011/2012;Statale;2;671;50;Porta Genova
2011/2012;Privata paritaria;2;164;51;Porta Magenta
2011/2012;Statale;1;875;51;Porta Magenta
2011/2012;Privata paritaria;3;345;52;Bande Nere
2011/2012;Statale;4;1731;52;Bande Nere
2011/2012;Privata paritaria;1;252;53;Lorenteggio
2011/2012;Statale;3;958;53;Lorenteggio
2011/2012;Statale;1;114;54;Muggiano
2011/2012;Statale;3;1056;55;Baggio - Q.re degli Olmi - Q.re Valsesia
2011/2012;Privata paritaria;1;235;56;Forze Armate
2011/2012;Privata paritaria;1;156;56;Forze Armate
2011/2012;Statale;3;711;56;Forze Armate
2011/2012;Statale;1;340;57;San Siro
2011/2012;Privata paritaria;2;223;58;De Angeli - Monte Rosa
2011/2012;Privata paritaria;2;238;60;Stadio - Ippodromi
2011/2012;Privata non paritaria;3;711;60;Stadio - Ippodromi
2011/2012;Statale;4;722;60;Stadio - Ippodromi
2011/2012;Statale;1;230;61;Quarto Cagnino
2011/2012;Statale;1;181;62;Quinto Romano
2011/2012;Privata paritaria;1;113;63;Figino
2011/2012;Statale;1;59;63;Figino
2011/2012;Statale;6;1392;65;Q.re Gallaratese - Q.re San Leonardo - Lampugnano
2011/2012;Privata paritaria;1;94;66;QT 8
2011/2012;Statale;1;250;66;QT 8
2011/2012;Privata paritaria;2;316;67;Portello
2011/2012;Statale;1;630;67;Portello
2011/2012;Privata paritaria;1;389;68;Pagano
2011/2012;Statale;1;473;68;Pagano
2011/2012;Privata paritaria;1;128;69;Sarpi
2011/2012;Statale;3;1182;69;Sarpi
2011/2012;Privata paritaria;3;303;71;Villapizzone - Cagnola - Boldinasco
2011/2012;Statale;5;1654;71;Villapizzone - Cagnola - Boldinasco
2011/2012;Privata paritaria;1;96;72;Maggiore - Musocco - Certosa
2011/2012;Statale;1;123;72;Maggiore - Musocco - Certosa
2011/2012;Privata paritaria;1;106;76;Quarto Oggiaro - Vialba - Musocco
2011/2012;Statale;4;1023;76;Quarto Oggiaro - Vialba - Musocco
2011/2012;Privata paritaria;1;235;77;Bovisa
2011/2012;Statale;1;387;77;Bovisa
2011/2012;Privata paritaria;1;250;79;Dergano
2011/2012;Statale;2;687;79;Dergano
2011/2012;Statale;3;973;80;Affori
2011/2012;Statale;1;226;81;Bovisasca
2011/2012;Privata paritaria;1;260;82;Comasina
2011/2012;Statale;1;206;82;Comasina
2011/2012;Statale;2;501;83;Bruzzano
2011/2012;Privata paritaria;1;153;84;Parco Nord
2012/2013;STATALE;3;953;1;Duomo
2012/2013;Privata paritaria;1;265;1;Duomo
2012/2013;STATALE;2;496;2;Brera
2012/2013;Privata paritaria;2;178;2;Brera
2012/2013;PRIVATA NON PARITARIA;2;477;2;Brera
2012/2013;STATALE;2;618;4;Guastalla
2012/2013;Privata paritaria;5;719;4;Guastalla
2012/2013;STATALE;2;959;5;Porta Vigentina - Porta Lodovica
2012/2013;Privata paritaria;1;126;5;Porta Vigentina - Porta Lodovica
2012/2013;STATALE;2;435;6;Porta Ticinese - Conca del Naviglio
2012/2013;Privata paritaria;1;189;6;Porta Ticinese - Conca del Naviglio
2012/2013;STATALE;3;919;7;Magenta - S.Vittore
2012/2013;Privata paritaria;3;742;7;Magenta - S.Vittore
2012/2013;STATALE;1;233;10;Stazione Centrale - Ponte Seveso
2012/2013;Privata paritaria;2;546;10;Stazione Centrale - Ponte Seveso
2012/2013;STATALE;1;298;11;Isola
2012/2013;Privata paritaria;1;383;11;Isola
2012/2013;STATALE;3;1351;12;Maciachini - Maggiolina
2012/2013;STATALE;2;578;13;Greco - Segnano
2012/2013;STATALE;4;1216;14;Niguarda - Ca? Granda - Prato Centenaro - Q.re Fulvio Testi
2012/2013;Privata paritaria;2;339;14;Niguarda - Ca? Granda - Prato Centenaro - Q.re Fulvio Testi
2012/2013;STATALE;6;1382;16;Gorla - Precotto
2012/2013;STATALE;1;401;17;Adriano
2012/2013;Privata paritaria;1;142;18;Cimiano - Rottole - Q.re Feltre
2012/2013;PRIVATA NON PARITARIA;1;250;18;Cimiano - Rottole - Q.re Feltre
2012/2013;STATALE;2;608;18;Cimiano - Rottole - Q.re Feltre
2012/2013;STATALE;2;630;19;Padova - Turro - Crescenzago
2012/2013;Privata paritaria;2;509;19;Padova - Turro - Crescenzago
2012/2013;STATALE;4;1479;20;Loreto - Casoretto - NoLo
2012/2013;PRIVATA NON PARITARIA;1;83;20;Loreto - Casoretto - NoLo
2012/2013;STATALE;4;1790;21;Buenos Aires - Porta Venezia - Porta Monforte
2012/2013;Privata paritaria;1;118;21;Buenos Aires - Porta Venezia - Porta Monforte
2012/2013;STATALE;4;1848;22;Citta' studi
2012/2013;Privata paritaria;5;621;22;Citta' studi
2012/2013;STATALE;2;456;23;Lambrate - Ortica
2012/2013;Privata paritaria;2;351;23;Lambrate - Ortica
2012/2013;STATALE;1;253;25;Corsica
2012/2013;Privata paritaria;1;229;25;Corsica
2012/2013;PRIVATA NON PARITARIA;1;152;25;Corsica
2012/2013;STATALE;2;952;26;XXII Marzo
2012/2013;Privata paritaria;1;168;26;XXII Marzo
2012/2013;STATALE;1;257;27;Pta Romana
2012/2013;Privata paritaria;1;104;27;Pta Romana
2012/2013;STATALE;1;447;28;Umbria - Molise - Calvairate
2012/2013;STATALE;1;284;29;Ortomercato
2012/2013;STATALE;4;720;30;Taliedo - Morsenchio - Q.re Forlanini
2012/2013;STATALE;1;182;31;Monlue' - Ponte Lambro
2012/2013;STATALE;1;382;33;Rogoredo - Santa Giulia
2012/2013;STATALE;4;1215;35;Lodi - Corvetto
2012/2013;Privata paritaria;3;651;35;Lodi - Corvetto
2012/2013;STATALE;1;266;36;Scalo Romana
2012/2013;STATALE;1;248;37;Morivione
2012/2013;STATALE;2;679;38;Vigentino - Q.re Fatima
2012/2013;STATALE;3;822;41;Gratosoglio - Q.re Missaglia - Q.re Terrazze
2012/2013;PRIVATA NON PARITARIA;1;84;41;Gratosoglio - Q.re Missaglia - Q.re Terrazze
2012/2013;STATALE;3;1051;42;Stadera - Chiesa Rossa - Q.re Torretta - Conca Fallata
2012/2013;Privata paritaria;2;153;42;Stadera - Chiesa Rossa - Q.re Torretta - Conca Fallata
2012/2013;Privata paritaria;1;329;43;Tibaldi
2012/2013;STATALE;1;246;44;Porta Ticinese - Conchetta
2012/2013;STATALE;1;341;45;Moncucco - San Cristoforo
2012/2013;STATALE;3;497;46;Barona
2012/2013;STATALE;3;820;48;Ronchetto sul Naviglio - Q.re Lodovico il Moro
2012/2013;Privata paritaria;1;70;48;Ronchetto sul Naviglio - Q.re Lodovico il Moro
2012/2013;STATALE;1;400;49;Giambellino
2012/2013;Privata paritaria;1;229;49;Giambellino
2012/2013;STATALE;2;719;50;Porta Genova
2012/2013;STATALE;1;854;51;Porta Magenta
2012/2013;Privata paritaria;2;156;51;Porta Magenta
2012/2013;STATALE;4;1752;52;Bande Nere
2012/2013;Privata paritaria;3;331;52;Bande Nere
2012/2013;STATALE;3;972;53;Lorenteggio
2012/2013;Privata paritaria;1;251;53;Lorenteggio
2012/2013;STATALE;1;113;54;Muggiano
2012/2013;STATALE;3;1082;55;Baggio - Q.re degli Olmi - Q.re Valsesia
2012/2013;STATALE;3;710;56;Forze Armate
2012/2013;Privata paritaria;1;239;56;Forze Armate
2012/2013;Privata paritaria;1;154;56;Forze Armate
2012/2013;STATALE;1;346;57;San Siro
2012/2013;Privata paritaria;2;222;58;De Angeli - Monte Rosa
2012/2013;STATALE;4;717;60;Stadio - Ippodromi
2012/2013;Privata paritaria;2;238;60;Stadio - Ippodromi
2012/2013;PRIVATA NON PARITARIA;3;830;60;Stadio - Ippodromi
2012/2013;STATALE;1;208;61;Quarto Cagnino
2012/2013;STATALE;1;175;62;Quinto Romano
2012/2013;STATALE;1;52;63;Figino
2012/2013;Privata paritaria;1;106;63;Figino
2012/2013;STATALE;6;1390;65;Q.re Gallaratese - Q.re San Leonardo - Lampugnano
2012/2013;STATALE;1;256;66;QT 8
2012/2013;Privata paritaria;1;104;66;QT 8
2012/2013;STATALE;1;633;67;Portello
2012/2013;Privata paritaria;2;337;67;Portello
2012/2013;STATALE;1;500;68;Pagano
2012/2013;Privata paritaria;1;396;68;Pagano
2012/2013;STATALE;3;1223;69;Sarpi
2012/2013;Privata paritaria;1;135;69;Sarpi
2012/2013;STATALE;5;1702;71;Villapizzone - Cagnola - Boldinasco
2012/2013;Privata paritaria;3;307;71;Villapizzone - Cagnola - Boldinasco
2012/2013;STATALE;1;120;72;Maggiore - Musocco - Certosa
2012/2013;Privata paritaria;1;100;72;Maggiore - Musocco - Certosa
2012/2013;STATALE;4;1002;76;Quarto Oggiaro - Vialba - Musocco
2012/2013;Privata paritaria;1;102;76;Quarto Oggiaro - Vialba - Musocco
2012/2013;STATALE;1;420;77;Bovisa
2012/2013;Privata paritaria;1;234;77;Bovisa
2012/2013;STATALE;2;713;79;Dergano
2012/2013;Privata paritaria;1;254;79;Dergano
2012/2013;STATALE;3;990;80;Affori
2012/2013;STATALE;1;216;81;Bovisasca
2012/2013;STATALE;1;222;82;Comasina
2012/2013;Privata paritaria;1;262;82;Comasina
2012/2013;STATALE;2;527;83;Bruzzano
2012/2013;Privata paritaria;1;174;84;Parco Nord
2013/2014;Privata paritaria;1;282;1;Duomo
2013/2014;Statale;3;962;1;Duomo
2013/2014;Privata paritaria;2;175;2;Brera
2013/2014;Privata non paritaria;2;455;2;Brera
2013/2014;Statale;2;511;2;Brera
2013/2014;Privata paritaria;5;654;4;Guastalla
2013/2014;Statale;2;618;4;Guastalla
2013/2014;Privata paritaria;1;125;5;Porta Vigentina - Porta Lodovica
2013/2014;Statale;2;941;5;Porta Vigentina - Porta Lodovica
2013/2014;Privata paritaria;1;183;6;Porta Ticinese - Conca del Naviglio
2013/2014;Statale;2;443;6;Porta Ticinese - Conca del Naviglio
2013/2014;Privata paritaria;3;752;7;Magenta - S.Vittore
2013/2014;Statale;3;939;7;Magenta - S.Vittore
2013/2014;Privata paritaria;2;548;10;Stazione Centrale - Ponte Seveso
2013/2014;Statale;1;243;10;Stazione Centrale - Ponte Seveso
2013/2014;Privata paritaria;1;378;11;Isola
2013/2014;Statale;1;309;11;Isola
2013/2014;Statale;3;1389;12;Maciachini - Maggiolina
2013/2014;Statale;2;588;13;Greco - Segnano
2013/2014;Privata paritaria;2;352;14;Niguarda - Ca? Granda - Prato Centenaro - Q.re Fulvio Testi
2013/2014;Statale;4;1254;14;Niguarda - Ca? Granda - Prato Centenaro - Q.re Fulvio Testi
2013/2014;Statale;6;1440;16;Gorla - Precotto
2013/2014;Statale;1;403;17;Adriano
2013/2014;Privata paritaria;1;154;18;Cimiano - Rottole - Q.re Feltre
2013/2014;Privata non paritaria;1;234;18;Cimiano - Rottole - Q.re Feltre
2013/2014;Statale;2;662;18;Cimiano - Rottole - Q.re Feltre
2013/2014;Privata paritaria;2;498;19;Padova - Turro - Crescenzago
2013/2014;Statale;2;683;19;Padova - Turro - Crescenzago
2013/2014;Privata non paritaria;1;101;20;Loreto - Casoretto - NoLo
2013/2014;Statale;4;1518;20;Loreto - Casoretto - NoLo
2013/2014;Privata paritaria;1;114;21;Buenos Aires - Porta Venezia - Porta Monforte
2013/2014;Statale;4;1823;21;Buenos Aires - Porta Venezia - Porta Monforte
2013/2014;Privata paritaria;4;480;22;Citta' studi
2013/2014;Statale;4;1850;22;Citta' studi
2013/2014;Privata paritaria;2;357;23;Lambrate - Ortica
2013/2014;Statale;2;482;23;Lambrate - Ortica
2013/2014;Privata paritaria;1;232;25;Corsica
2013/2014;Privata non paritaria;1;165;25;Corsica
2013/2014;Statale;1;268;25;Corsica
2013/2014;Privata paritaria;1;207;26;XXII Marzo
2013/2014;Statale;2;979;26;XXII Marzo
2013/2014;Privata paritaria;1;96;27;Pta Romana
2013/2014;Statale;1;257;27;Pta Romana
2013/2014;Statale;1;444;28;Umbria - Molise - Calvairate
2013/2014;Statale;1;305;29;Ortomercato
2013/2014;Statale;4;754;30;Taliedo - Morsenchio - Q.re Forlanini
2013/2014;Statale;1;193;31;Monlue' - Ponte Lambro
2013/2014;Statale;1;386;33;Rogoredo - Santa Giulia
2013/2014;Privata paritaria;3;680;35;Lodi - Corvetto
2013/2014;Statale;4;1245;35;Lodi - Corvetto
2013/2014;Statale;1;290;36;Scalo Romana
2013/2014;Privata non paritaria;1;8;37;Morivione
2013/2014;Statale;1;238;37;Morivione
2013/2014;Statale;2;668;38;Vigentino - Q.re Fatima
2013/2014;Privata non paritaria;1;89;41;Gratosoglio - Q.re Missaglia - Q.re Terrazze
2013/2014;Statale;3;810;41;Gratosoglio - Q.re Missaglia - Q.re Terrazze
2013/2014;Privata paritaria;2;173;42;Stadera - Chiesa Rossa - Q.re Torretta - Conca Fallata
2013/2014;Statale;3;1013;42;Stadera - Chiesa Rossa - Q.re Torretta - Conca Fallata
2013/2014;Privata paritaria;1;322;43;Tibaldi
2013/2014;Statale;1;259;44;Porta Ticinese - Conchetta
2013/2014;Statale;1;332;45;Moncucco - San Cristoforo
2013/2014;Statale;3;473;46;Barona
2013/2014;Privata paritaria;1;93;48;Ronchetto sul Naviglio - Q.re Lodovico il Moro
2013/2014;Statale;3;846;48;Ronchetto sul Naviglio - Q.re Lodovico il Moro
2013/2014;Privata paritaria;1;229;49;Giambellino
2013/2014;Statale;1;415;49;Giambellino
2013/2014;Statale;2;709;50;Porta Genova
2013/2014;Privata paritaria;2;161;51;Porta Magenta
2013/2014;Statale;1;853;51;Porta Magenta
2013/2014;Privata paritaria;3;336;52;Bande Nere
2013/2014;Statale;4;1731;52;Bande Nere
2013/2014;Privata paritaria;2;265;53;Lorenteggio
2013/2014;Statale;3;1016;53;Lorenteggio
2013/2014;Statale;1;111;54;Muggiano
2013/2014;Statale;3;1088;55;Baggio - Q.re degli Olmi - Q.re Valsesia
2013/2014;Privata paritaria;1;239;56;Forze Armate
2013/2014;Privata paritaria;1;156;56;Forze Armate
2013/2014;Statale;3;691;56;Forze Armate
2013/2014;Statale;1;358;57;San Siro
2013/2014;Privata paritaria;2;223;58;De Angeli - Monte Rosa
2013/2014;Privata paritaria;2;236;60;Stadio - Ippodromi
2013/2014;Privata non paritaria;2;604;60;Stadio - Ippodromi
2013/2014;Statale;4;775;60;Stadio - Ippodromi
2013/2014;Statale;1;228;61;Quarto Cagnino
2013/2014;Statale;1;157;62;Quinto Romano
2013/2014;Privata paritaria;1;104;63;Figino
2013/2014;Statale;1;51;63;Figino
2013/2014;Statale;6;1369;65;Q.re Gallaratese - Q.re San Leonardo - Lampugnano
2013/2014;Privata paritaria;1;92;66;QT 8
2013/2014;Statale;1;266;66;QT 8
2013/2014;Privata paritaria;2;346;67;Portello
2013/2014;Statale;1;668;67;Portello
2013/2014;Privata paritaria;1;393;68;Pagano
2013/2014;Statale;1;512;68;Pagano
2013/2014;Privata paritaria;1;136;69;Sarpi
2013/2014;Statale;3;1266;69;Sarpi
2013/2014;Privata paritaria;3;304;71;Villapizzone - Cagnola - Boldinasco
2013/2014;Statale;5;1775;71;Villapizzone - Cagnola - Boldinasco
2013/2014;Privata paritaria;1;107;72;Maggiore - Musocco - Certosa
2013/2014;Statale;1;136;72;Maggiore - Musocco - Certosa
2013/2014;Privata paritaria;1;102;76;Quarto Oggiaro - Vialba - Musocco
2013/2014;Statale;4;985;76;Quarto Oggiaro - Vialba - Musocco
2013/2014;Privata paritaria;1;231;77;Bovisa
2013/2014;Statale;1;435;77;Bovisa
2013/2014;Privata paritaria;1;251;79;Dergano
2013/2014;Statale;2;740;79;Dergano
2013/2014;Statale;3;1001;80;Affori
2013/2014;Statale;1;219;81;Bovisasca
2013/2014;Privata paritaria;1;265;82;Comasina
2013/2014;Statale;1;206;82;Comasina
2013/2014;Statale;2;560;83;Bruzzano
2013/2014;Privata paritaria;1;173;84;Parco Nord
2014/2015;Privata paritaria;1;296;1;Duomo
2014/2015;Privata paritaria;2;158;2;Brera
2014/2015;Privata paritaria;5;597;4;Guastalla
2014/2015;Privata paritaria;1;113;5;Porta Vigentina - Porta Lodovica
2014/2015;Privata paritaria;1;172;6;Porta Ticinese - Conca del Naviglio
2014/2015;Privata paritaria;3;749;7;Magenta - S.Vittore
2014/2015;Privata paritaria;2;536;10;Stazione Centrale - Ponte Seveso
2014/2015;Privata paritaria;1;370;11;Isola
2014/2015;Privata paritaria;2;379;14;Niguarda - Ca? Granda - Prato Centenaro - Q.re Fulvio Testi
2014/2015;Privata paritaria;1;131;18;Cimiano - Rottole - Q.re Feltre
2014/2015;Privata paritaria;2;489;19;Padova - Turro - Crescenzago
2014/2015;Privata paritaria;1;120;20;Loreto - Casoretto - NoLo
2014/2015;Privata paritaria;1;111;21;Buenos Aires - Porta Venezia - Porta Monforte
2014/2015;Privata paritaria;4;449;22;Citta' studi
2014/2015;Privata paritaria;2;368;23;Lambrate - Ortica
2014/2015;Privata paritaria;1;223;25;Corsica
2014/2015;Privata paritaria;1;221;26;XXII Marzo
2014/2015;Privata paritaria;1;96;27;Pta Romana
2014/2015;Privata paritaria;3;686;35;Lodi - Corvetto
2014/2015;Privata paritaria;2;187;42;Stadera - Chiesa Rossa - Q.re Torretta - Conca Fallata
2014/2015;Privata paritaria;1;324;43;Tibaldi
2014/2015;Privata paritaria;1;111;48;Ronchetto sul Naviglio - Q.re Lodovico il Moro
2014/2015;Privata paritaria;1;228;49;Giambellino
2014/2015;Privata paritaria;2;151;51;Porta Magenta
2014/2015;Privata paritaria;3;353;52;Bande Nere
2014/2015;Privata paritaria;2;268;53;Lorenteggio
2014/2015;Privata paritaria;2;406;56;Forze Armate
2014/2015;Privata paritaria;2;210;58;De Angeli - Monte Rosa
2014/2015;Privata paritaria;2;231;60;Stadio - Ippodromi
2014/2015;Privata paritaria;1;99;63;Figino
2014/2015;Privata paritaria;1;89;66;QT 8
2014/2015;Privata paritaria;2;354;67;Portello
2014/2015;Privata paritaria;1;401;68;Pagano
2014/2015;Privata paritaria;1;156;69;Sarpi
2015/2016;Privata paritaria;1;295;1;Duomo
2015/2016;Privata paritaria;1;121;2;Brera
2015/2016;Privata paritaria;5;590;4;Guastalla
2015/2016;Privata paritaria;1;108;5;Porta Vigentina - Porta Lodovica
2015/2016;Privata paritaria;1;179;6;Porta Ticinese - Conca del Naviglio
2015/2016;Privata paritaria;3;795;7;Magenta - S.Vittore
2015/2016;Privata paritaria;2;537;10;Stazione Centrale - Ponte Seveso
2015/2016;Privata paritaria;1;355;11;Isola
2015/2016;Privata paritaria;2;398;14;Niguarda - Ca? Granda - Prato Centenaro - Q.re Fulvio Testi
2015/2016;Privata paritaria;1;132;18;Cimiano - Rottole - Q.re Feltre
2015/2016;Privata paritaria;2;514;19;Padova - Turro - Crescenzago
2015/2016;Privata paritaria;1;118;20;Loreto - Casoretto - NoLo
2015/2016;Privata paritaria;1;95;21;Buenos Aires - Porta Venezia - Porta Monforte
2015/2016;Privata paritaria;4;460;22;Citta' studi
2015/2016;Privata paritaria;2;369;23;Lambrate - Ortica
2015/2016;Privata paritaria;1;221;25;Corsica
2015/2016;Privata paritaria;1;214;26;XXII Marzo
2015/2016;Privata paritaria;1;94;27;Pta Romana
2015/2016;Privata paritaria;3;668;35;Lodi - Corvetto
2015/2016;Privata paritaria;2;201;42;Stadera - Chiesa Rossa - Q.re Torretta - Conca Fallata
2015/2016;Privata paritaria;1;313;43;Tibaldi
2015/2016;Privata paritaria;1;105;48;Ronchetto sul Naviglio - Q.re Lodovico il Moro
2015/2016;Privata paritaria;1;222;49;Giambellino
2015/2016;Privata paritaria;2;143;51;Porta Magenta
2015/2016;Privata paritaria;3;358;52;Bande Nere
2015/2016;Privata paritaria;1;265;53;Lorenteggio
2015/2016;Privata paritaria;2;357;56;Forze Armate
2015/2016;Privata paritaria;2;206;58;De Angeli - Monte Rosa
2015/2016;Privata paritaria;2;216;60;Stadio - Ippodromi
2015/2016;Privata paritaria;1;82;63;Figino
2015/2016;Privata paritaria;1;83;66;QT 8
2015/2016;Privata paritaria;2;333;67;Portello
2015/2016;Privata paritaria;1;403;68;Pagano
2015/2016;Privata paritaria;1;159;69;Sarpi
2015/2016;Privata paritaria;3;291;71;Villapizzone - Cagnola - Boldinasco
2015/2016;Privata paritaria;1;101;72;Maggiore - Musocco - Certosa
2015/2016;Privata paritaria;1;88;76;Quarto Oggiaro - Vialba - Musocco
2015/2016;Privata paritaria;1;249;77;Bovisa
2015/2016;Privata paritaria;1;260;79;Dergano
2015/2016;Privata paritaria;1;255;82;Comasina
2015/2016;Privata paritaria;1;134;84;Parco Nord
2015/2016;Privata non paritaria;2;470;2;Brera
2015/2016;Privata non paritaria;1;217;18;Cimiano - Rottole - Q.re Feltre
2015/2016;Privata non paritaria;1;217;25;Corsica
2015/2016;Privata non paritaria;1;37;37;Morivione
2014/2015;Privata paritaria;3;299;71;Villapizzone - Cagnola - Boldinasco
2014/2015;Privata paritaria;1;111;72;Maggiore - Musocco - Certosa
2014/2015;Privata paritaria;1;99;76;Quarto Oggiaro - Vialba - Musocco
2014/2015;Privata paritaria;1;229;77;Bovisa
2014/2015;Privata paritaria;1;251;79;Dergano
2014/2015;Privata paritaria;1;258;82;Comasina
2014/2015;Privata paritaria;1;155;84;Parco Nord
2014/2015;Privata non paritaria;2;464;2;Brera
2014/2015;Privata non paritaria;1;212;18;Cimiano - Rottole - Q.re Feltre
2014/2015;Privata non paritaria;1;195;25;Corsica
2014/2015;Privata non paritaria;1;18;37;Morivione
2014/2015;Privata non paritaria;1;87;41;Gratosoglio - Q.re Missaglia - Q.re Terrazze
2014/2015;Privata non paritaria;2;657;60;Stadio - Ippodromi
2014/2015;statale;3;981;1;Duomo
2014/2015;statale;2;503;2;Brera
2014/2015;statale;2;608;4;Guastalla
2014/2015;statale;2;947;5;Porta Vigentina - Porta Lodovica
2014/2015;statale;2;479;6;Porta Ticinese - Conca del Naviglio
2014/2015;statale;3;934;7;Magenta - S.Vittore
2014/2015;statale;1;240;10;Stazione Centrale - Ponte Seveso
2014/2015;statale;1;341;11;Isola
2014/2015;statale;3;1375;12;Maciachini - Maggiolina
2014/2015;statale;2;574;13;Greco - Segnano
2014/2015;statale;4;1344;14;Niguarda - Ca? Granda - Prato Centenaro - Q.re Fulvio Testi
2014/2015;statale;6;1433;16;Gorla - Precotto
2014/2015;statale;1;434;17;Adriano
2014/2015;statale;2;683;18;Cimiano - Rottole - Q.re Feltre
2014/2015;statale;2;714;19;Padova - Turro - Crescenzago
2014/2015;statale;4;1579;20;Loreto - Casoretto - NoLo
2014/2015;statale;4;1847;21;Buenos Aires - Porta Venezia - Porta Monforte
2014/2015;statale;4;1858;22;Citta' studi
2014/2015;statale;2;452;23;Lambrate - Ortica
2014/2015;statale;1;265;25;Corsica
2014/2015;statale;2;1047;26;XXII Marzo
2014/2015;statale;1;250;27;Pta Romana
2014/2015;statale;1;441;28;Umbria - Molise - Calvairate
2014/2015;statale;1;303;29;Ortomercato
2014/2015;statale;4;777;30;Taliedo - Morsenchio - Q.re Forlanini
2014/2015;statale;1;201;31;Monlue' - Ponte Lambro
2014/2015;statale;1;400;33;Rogoredo - Santa Giulia
2014/2015;statale;4;1278;35;Lodi - Corvetto
2014/2015;statale;1;305;36;Scalo Romana
2015/2016;Privata non paritaria;1;88;41;Gratosoglio - Q.re Missaglia - Q.re Terrazze
2015/2016;Privata non paritaria;2;604;60;Stadio - Ippodromi
2015/2016;statale;3;973;1;Duomo
2014/2015;statale;1;251;37;Morivione
2014/2015;statale;2;655;38;Vigentino - Q.re Fatima
2014/2015;statale;3;796;41;Gratosoglio - Q.re Missaglia - Q.re Terrazze
2014/2015;statale;3;988;42;Stadera - Chiesa Rossa - Q.re Torretta - Conca Fallata
2014/2015;statale;1;286;44;Porta Ticinese - Conchetta
2014/2015;statale;1;335;45;Moncucco - San Cristoforo
2014/2015;statale;3;454;46;Barona
2014/2015;statale;3;844;48;Ronchetto sul Naviglio - Q.re Lodovico il Moro
2014/2015;statale;1;434;49;Giambellino
2014/2015;statale;2;709;50;Porta Genova
2014/2015;statale;1;856;51;Porta Magenta
2014/2015;statale;4;1773;52;Bande Nere
2014/2015;statale;3;983;53;Lorenteggio
2014/2015;statale;1;118;54;Muggiano
2014/2015;statale;3;1106;55;Baggio - Q.re degli Olmi - Q.re Valsesia
2014/2015;statale;3;676;56;Forze Armate
2014/2015;statale;1;393;57;San Siro
2014/2015;statale;4;808;60;Stadio - Ippodromi
2014/2015;statale;1;217;61;Quarto Cagnino
2014/2015;statale;1;152;62;Quinto Romano
2014/2015;statale;1;69;63;Figino
2014/2015;statale;6;1369;65;Q.re Gallaratese - Q.re San Leonardo - Lampugnano
2014/2015;statale;1;282;66;QT 8
2014/2015;statale;1;674;67;Portello
2014/2015;statale;1;517;68;Pagano
2014/2015;statale;3;1307;69;Sarpi
2014/2015;statale;5;1816;71;Villapizzone - Cagnola - Boldinasco
2014/2015;statale;1;129;72;Maggiore - Musocco - Certosa
2014/2015;statale;4;955;76;Quarto Oggiaro - Vialba - Musocco
2014/2015;statale;1;454;77;Bovisa
2014/2015;statale;2;750;79;Dergano
2014/2015;statale;3;1028;80;Affori
2014/2015;statale;1;209;81;Bovisasca
2014/2015;statale;1;207;82;Comasina
2014/2015;statale;2;599;83;Bruzzano
2015/2016;statale;2;537;2;Brera
2015/2016;statale;2;634;4;Guastalla
2015/2016;statale;2;955;5;Porta Vigentina - Porta Lodovica
2015/2016;statale;2;536;6;Porta Ticinese - Conca del Naviglio
2015/2016;statale;3;907;7;Magenta - S.Vittore
2015/2016;statale;1;249;10;Stazione Centrale - Ponte Seveso
2015/2016;statale;1;361;11;Isola
2015/2016;statale;3;1377;12;Maciachini - Maggiolina
2015/2016;statale;2;567;13;Greco - Segnano
2015/2016;statale;4;1337;14;Niguarda - Ca? Granda - Prato Centenaro - Q.re Fulvio Testi
2015/2016;statale;6;1471;16;Gorla - Precotto
2015/2016;statale;1;429;17;Adriano
2015/2016;statale;2;736;18;Cimiano - Rottole - Q.re Feltre
2015/2016;statale;2;741;19;Padova - Turro - Crescenzago
2016/2017;Privata paritaria;1;298;1;Duomo
2016/2017;Privata paritaria;1;114;2;Brera
2016/2017;Privata paritaria;5;614;4;Guastalla
2016/2017;Privata paritaria;1;100;5;Porta Vigentina - Porta Lodovica
2016/2017;Privata paritaria;1;188;6;Porta Ticinese - Conca del Naviglio
2016/2017;Privata paritaria;3;818;7;Magenta - S.Vittore
2016/2017;Privata paritaria;2;539;10;Stazione Centrale - Ponte Seveso
2016/2017;Privata paritaria;1;370;11;Isola
2016/2017;Privata paritaria;2;426;14;Niguarda - Ca? Granda - Prato Centenaro - Q.re Fulvio Testi
2016/2017;Privata paritaria;1;125;18;Cimiano - Rottole - Q.re Feltre
2016/2017;Privata paritaria;2;515;19;Padova - Turro - Crescenzago
2016/2017;Privata paritaria;1;115;20;Loreto - Casoretto - NoLo
2016/2017;Privata paritaria;1;93;21;Buenos Aires - Porta Venezia - Porta Monforte
2016/2017;Privata paritaria;4;462;22;Citta' studi
2016/2017;Privata paritaria;2;376;23;Lambrate - Ortica
2016/2017;Privata paritaria;1;211;25;Corsica
2016/2017;Privata paritaria;1;213;26;XXII Marzo
2016/2017;Privata paritaria;1;93;27;Pta Romana
2016/2017;Privata paritaria;3;677;35;Lodi - Corvetto
2016/2017;Privata paritaria;1;63;37;Morivione
2016/2017;Privata paritaria;2;205;42;Stadera - Chiesa Rossa - Q.re Torretta - Conca Fallata
2016/2017;Privata paritaria;1;304;43;Tibaldi
2016/2017;Privata paritaria;1;130;48;Ronchetto sul Naviglio - Q.re Lodovico il Moro
2016/2017;Privata paritaria;1;211;49;Giambellino
2016/2017;Privata paritaria;2;130;51;Porta Magenta
2016/2017;Privata paritaria;3;359;52;Bande Nere
2016/2017;Privata paritaria;1;270;53;Lorenteggio
2016/2017;Privata paritaria;1;145;56;Forze Armate
2016/2017;Privata paritaria;2;187;58;De Angeli - Monte Rosa
2016/2017;Privata paritaria;2;219;60;Stadio - Ippodromi
2016/2017;Privata paritaria;1;78;63;Figino
2016/2017;Privata paritaria;1;78;66;QT 8
2016/2017;Privata paritaria;1;239;67;Portello
2016/2017;Privata paritaria;1;366;68;Pagano
2016/2017;Privata paritaria;1;166;69;Sarpi
2016/2017;Privata paritaria;3;330;71;Villapizzone - Cagnola - Boldinasco
2016/2017;Privata paritaria;1;104;72;Maggiore - Musocco - Certosa
2016/2017;Privata paritaria;1;69;76;Quarto Oggiaro - Vialba - Musocco
2016/2017;Privata paritaria;1;256;77;Bovisa
2016/2017;Privata paritaria;1;256;79;Dergano
2016/2017;Privata paritaria;1;262;82;Comasina
2016/2017;Privata paritaria;1;120;84;Parco Nord
2016/2017;Privata non paritaria;2;470;2;Brera
2016/2017;Privata non paritaria;1;64;11;Isola
2016/2017;Privata non paritaria;1;213;18;Cimiano - Rottole - Q.re Feltre
2016/2017;Privata non paritaria;1;271;25;Corsica
2016/2017;Privata non paritaria;1;96;41;Gratosoglio - Q.re Missaglia - Q.re Terrazze
2016/2017;Privata non paritaria;2;719;60;Stadio - Ippodromi
2016/2017;statale;3;938;1;Duomo
2016/2017;statale;2;517;2;Brera
2016/2017;statale;2;615;4;Guastalla
2016/2017;statale;2;963;5;Porta Vigentina - Porta Lodovica
2016/2017;statale;2;560;6;Porta Ticinese - Conca del Naviglio
2016/2017;statale;3;939;7;Magenta - S.Vittore
2016/2017;statale;1;250;10;Stazione Centrale - Ponte Seveso
2016/2017;statale;1;382;11;Isola
2016/2017;statale;3;1365;12;Maciachini - Maggiolina
2016/2017;statale;2;568;13;Greco - Segnano
2016/2017;statale;4;1361;14;Niguarda - Ca? Granda - Prato Centenaro - Q.re Fulvio Testi
2016/2017;statale;6;1483;16;Gorla - Precotto
2016/2017;statale;1;437;17;Adriano
2016/2017;statale;2;735;18;Cimiano - Rottole - Q.re Feltre
2016/2017;statale;2;777;19;Padova - Turro - Crescenzago
2016/2017;statale;4;1619;20;Loreto - Casoretto - NoLo
2016/2017;statale;4;1892;21;Buenos Aires - Porta Venezia - Porta Monforte
2016/2017;statale;4;1830;22;Citta' studi
2016/2017;statale;2;469;23;Lambrate - Ortica
2016/2017;statale;1;257;25;Corsica
2016/2017;statale;2;1121;26;XXII Marzo
2016/2017;statale;1;242;27;Pta Romana
2016/2017;statale;1;435;28;Umbria - Molise - Calvairate
2016/2017;statale;1;331;29;Ortomercato
2016/2017;statale;4;830;30;Taliedo - Morsenchio - Q.re Forlanini
2016/2017;statale;1;214;31;Monlue' - Ponte Lambro
2016/2017;statale;1;442;33;Rogoredo - Santa Giulia
2016/2017;statale;4;1285;35;Lodi - Corvetto
2016/2017;statale;1;324;36;Scalo Romana
2016/2017;statale;1;276;37;Morivione
2016/2017;statale;2;689;38;Vigentino - Q.re Fatima
2016/2017;statale;3;843;41;Gratosoglio - Q.re Missaglia - Q.re Terrazze
2016/2017;statale;3;1010;42;Stadera - Chiesa Rossa - Q.re Torretta - Conca Fallata
2016/2017;statale;1;337;44;Porta Ticinese - Conchetta
2016/2017;statale;1;318;45;Moncucco - San Cristoforo
2016/2017;statale;3;418;46;Barona
2016/2017;statale;3;878;48;Ronchetto sul Naviglio - Q.re Lodovico il Moro
2016/2017;statale;1;469;49;Giambellino
2016/2017;statale;2;720;50;Porta Genova
2016/2017;statale;1;853;51;Porta Magenta
2016/2017;statale;4;1729;52;Bande Nere
2016/2017;statale;3;881;53;Lorenteggio
2016/2017;statale;1;98;54;Muggiano
2016/2017;statale;3;1146;55;Baggio - Q.re degli Olmi - Q.re Valsesia
2016/2017;statale;4;920;56;Forze Armate
2016/2017;statale;1;442;57;San Siro
2016/2017;statale;4;833;60;Stadio - Ippodromi
2016/2017;statale;1;241;61;Quarto Cagnino
2016/2017;statale;1;139;62;Quinto Romano
2016/2017;statale;1;89;63;Figino
2016/2017;statale;6;1349;65;Q.re Gallaratese - Q.re San Leonardo - Lampugnano
2016/2017;statale;1;273;66;QT 8
2016/2017;statale;1;695;67;Portello
2016/2017;statale;1;525;68;Pagano
2016/2017;statale;3;1403;69;Sarpi
2016/2017;statale;5;1844;71;Villapizzone - Cagnola - Boldinasco
2016/2017;statale;1;157;72;Maggiore - Musocco - Certosa
2016/2017;statale;4;981;76;Quarto Oggiaro - Vialba - Musocco
2016/2017;statale;1;475;77;Bovisa
2016/2017;statale;2;760;79;Dergano
2016/2017;statale;3;1074;80;Affori
2016/2017;statale;1;214;81;Bovisasca
2016/2017;statale;1;190;82;Comasina
2016/2017;statale;2;620;83;Bruzzano
2017/2018;Privata paritaria;1;276;1;Duomo
2017/2018;Privata paritaria;1;114;2;Brera
2017/2018;Privata paritaria;5;643;4;Guastalla
2017/2018;Privata paritaria;1;100;5;Porta Vigentina - Porta Lodovica
2017/2018;Privata paritaria;1;185;6;Porta Ticinese - Conca del Naviglio
2017/2018;Privata paritaria;3;835;7;Magenta - S.Vittore
2017/2018;Privata paritaria;2;558;10;Stazione Centrale - Ponte Seveso
2017/2018;Privata paritaria;1;388;11;Isola
2017/2018;Privata paritaria;2;422;14;Niguarda - Ca? Granda - Prato Centenaro - Q.re Fulvio Testi
2017/2018;Privata paritaria;1;120;18;Cimiano - Rottole - Q.re Feltre
2017/2018;Privata paritaria;2;482;19;Padova - Turro - Crescenzago
2017/2018;Privata paritaria;1;123;20;Loreto - Casoretto - NoLo
2017/2018;Privata paritaria;1;108;21;Buenos Aires - Porta Venezia - Porta Monforte
2017/2018;Privata paritaria;4;487;22;Citta' studi
2017/2018;Privata paritaria;2;373;23;Lambrate - Ortica
2017/2018;Privata paritaria;1;224;25;Corsica
2017/2018;Privata paritaria;1;207;26;XXII Marzo
2017/2018;Privata paritaria;1;90;27;Pta Romana
2017/2018;Privata paritaria;3;639;35;Lodi - Corvetto
2017/2018;Privata paritaria;1;89;37;Morivione
2017/2018;Privata paritaria;2;192;42;Stadera - Chiesa Rossa - Q.re Torretta - Conca Fallata
2017/2018;Privata paritaria;1;313;43;Tibaldi
2017/2018;Privata paritaria;1;177;48;Ronchetto sul Naviglio - Q.re Lodovico il Moro
2017/2018;Privata paritaria;1;202;49;Giambellino
2017/2018;Privata paritaria;2;127;51;Porta Magenta
2017/2018;Privata paritaria;3;362;52;Bande Nere
2017/2018;Privata paritaria;1;270;53;Lorenteggio
2017/2018;Privata paritaria;1;137;56;Forze Armate
2017/2018;statale;1;428;33;Rogoredo - Santa Giulia
2017/2018;statale;4;1257;35;Lodi - Corvetto
2017/2018;statale;1;328;36;Scalo Romana
2017/2018;statale;1;277;37;Morivione
2017/2018;statale;2;689;38;Vigentino - Q.re Fatima
2017/2018;statale;3;800;41;Gratosoglio - Q.re Missaglia - Q.re Terrazze
2017/2018;statale;3;981;42;Stadera - Chiesa Rossa - Q.re Torretta - Conca Fallata
2017/2018;statale;1;349;44;Porta Ticinese - Conchetta
2017/2018;statale;1;314;45;Moncucco - San Cristoforo
2017/2018;statale;3;417;46;Barona
2017/2018;statale;3;845;48;Ronchetto sul Naviglio - Q.re Lodovico il Moro
2017/2018;statale;1;459;49;Giambellino
2017/2018;statale;2;729;50;Porta Genova
2017/2018;statale;1;868;51;Porta Magenta
2017/2018;statale;4;1730;52;Bande Nere
2017/2018;statale;3;887;53;Lorenteggio
2017/2018;statale;1;98;54;Muggiano
2017/2018;statale;3;1135;55;Baggio - Q.re degli Olmi - Q.re Valsesia
2017/2018;statale;4;957;56;Forze Armate
2017/2018;statale;1;477;57;San Siro
2017/2018;statale;4;823;60;Stadio - Ippodromi
2017/2018;statale;1;290;61;Quarto Cagnino
2017/2018;statale;1;128;62;Quinto Romano
2017/2018;statale;1;97;63;Figino
2017/2018;statale;6;1368;65;Q.re Gallaratese - Q.re San Leonardo - Lampugnano
2017/2018;statale;1;263;66;QT 8
2017/2018;statale;1;687;67;Portello
2017/2018;statale;1;505;68;Pagano
2017/2018;statale;3;1379;69;Sarpi
2017/2018;statale;5;1840;71;Villapizzone - Cagnola - Boldinasco
2017/2018;statale;1;183;72;Maggiore - Musocco - Certosa
2017/2018;statale;4;973;76;Quarto Oggiaro - Vialba - Musocco
2017/2018;statale;1;490;77;Bovisa
2017/2018;statale;2;751;79;Dergano
2017/2018;statale;3;1090;80;Affori
2017/2018;statale;1;221;81;Bovisasca
2017/2018;statale;1;182;82;Comasina
2017/2018;statale;2;635;83;Bruzzano
2017/2018;Privata paritaria;2;196;58;De Angeli - Monte Rosa
2017/2018;Privata paritaria;2;239;60;Stadio - Ippodromi
2017/2018;Privata paritaria;1;59;63;Figino
2017/2018;Privata paritaria;1;74;66;QT 8
2017/2018;Privata paritaria;2;307;67;Portello
2017/2018;Privata paritaria;1;371;68;Pagano
2017/2018;Privata paritaria;1;163;69;Sarpi
2017/2018;Privata paritaria;3;346;71;Villapizzone - Cagnola - Boldinasco
2017/2018;Privata paritaria;1;105;72;Maggiore - Musocco - Certosa
2017/2018;Privata paritaria;1;39;76;Quarto Oggiaro - Vialba - Musocco
2017/2018;Privata paritaria;1;263;77;Bovisa
2017/2018;Privata paritaria;1;260;79;Dergano
2017/2018;Privata paritaria;1;262;82;Comasina
2017/2018;Privata paritaria;1;98;84;Parco Nord
2017/2018;Privata non paritaria;2;480;2;Brera
2017/2018;Privata non paritaria;1;89;11;Isola
2017/2018;Privata non paritaria;1;233;18;Cimiano - Rottole - Q.re Feltre
2017/2018;Privata non paritaria;1;296;25;Corsica
2017/2018;Privata non paritaria;1;104;41;Gratosoglio - Q.re Missaglia - Q.re Terrazze
2017/2018;Privata non paritaria;2;737;60;Stadio - Ippodromi
2017/2018;statale;3;911;1;Duomo
2017/2018;statale;2;526;2;Brera
2017/2018;statale;2;613;4;Guastalla
2017/2018;statale;2;921;5;Porta Vigentina - Porta Lodovica
2017/2018;statale;2;602;6;Porta Ticinese - Conca del Naviglio
2017/2018;statale;3;911;7;Magenta - S.Vittore
2017/2018;statale;1;248;10;Stazione Centrale - Ponte Seveso
2017/2018;statale;1;391;11;Isola
2017/2018;statale;3;1382;12;Maciachini - Maggiolina
2017/2018;statale;2;619;13;Greco - Segnano
2017/2018;statale;4;1329;14;Niguarda - Ca? Granda - Prato Centenaro - Q.re Fulvio Testi
2017/2018;statale;6;1481;16;Gorla - Precotto
2017/2018;statale;1;487;17;Adriano
2017/2018;statale;2;732;18;Cimiano - Rottole - Q.re Feltre
2017/2018;statale;2;770;19;Padova - Turro - Crescenzago
2017/2018;statale;4;1631;20;Loreto - Casoretto - NoLo
2017/2018;statale;4;1881;21;Buenos Aires - Porta Venezia - Porta Monforte
2017/2018;statale;4;1761;22;Citta' studi
2017/2018;statale;2;463;23;Lambrate - Ortica
2017/2018;statale;1;275;25;Corsica
2017/2018;statale;2;1108;26;XXII Marzo
2017/2018;statale;1;210;27;Pta Romana
2017/2018;statale;1;431;28;Umbria - Molise - Calvairate
2017/2018;statale;1;319;29;Ortomercato
2017/2018;statale;4;800;30;Taliedo - Morsenchio - Q.re Forlanini
2017/2018;statale;1;213;31;Monlue' - Ponte Lambro
2018/2019;Privata paritaria;1;258;1;Duomo
2018/2019;Privata paritaria;1;115;2;Brera
2018/2019;Privata paritaria;5;689;4;Guastalla
2018/2019;Privata paritaria;1;90;5;Porta Vigentina - Porta Lodovica
2018/2019;Privata paritaria;1;187;6;Porta Ticinese - Conca del Naviglio
2018/2019;Privata paritaria;3;825;7;Magenta - S.Vittore
2018/2019;Privata paritaria;3;604;10;Stazione Centrale - Ponte Seveso
2018/2019;Privata paritaria;1;365;11;Isola
2018/2019;Privata paritaria;2;448;14;Niguarda - Ca? Granda - Prato Centenaro - Q.re Fulvio Testi
2018/2019;Privata paritaria;1;118;18;Cimiano - Rottole - Q.re Feltre
2018/2019;Privata paritaria;2;475;19;Padova - Turro - Crescenzago
2018/2019;Privata paritaria;1;129;20;Loreto - Casoretto - NoLo
2018/2019;Privata paritaria;1;107;21;Buenos Aires - Porta Venezia - Porta Monforte
2018/2019;Privata paritaria;4;510;22;Citta' studi
2018/2019;Privata paritaria;2;374;23;Lambrate - Ortica
2018/2019;Privata paritaria;1;215;25;Corsica
2018/2019;Privata paritaria;1;217;26;XXII Marzo
2018/2019;Privata paritaria;1;107;27;Pta Romana
2018/2019;Privata paritaria;3;616;35;Lodi - Corvetto
2018/2019;Privata paritaria;1;146;37;Morivione
2018/2019;Privata paritaria;2;197;42;Stadera - Chiesa Rossa - Q.re Torretta - Conca Fallata
2018/2019;Privata paritaria;1;310;43;Tibaldi
2018/2019;Privata paritaria;1;197;48;Ronchetto sul Naviglio - Q.re Lodovico il Moro
2018/2019;Privata paritaria;1;194;49;Giambellino
2018/2019;Privata paritaria;2;103;51;Porta Magenta
2018/2019;Privata paritaria;3;349;52;Bande Nere
2018/2019;Privata paritaria;1;272;53;Lorenteggio
2018/2019;Privata paritaria;1;140;56;Forze Armate
2018/2019;Privata paritaria;2;184;58;De Angeli - Monte Rosa
2018/2019;Privata paritaria;2;232;60;Stadio - Ippodromi
2018/2019;Privata paritaria;1;57;63;Figino
2018/2019;Privata paritaria;1;83;66;QT 8
2018/2019;Privata paritaria;2;334;67;Portello
2018/2019;Privata paritaria;1;369;68;Pagano
2018/2019;Privata paritaria;1;167;69;Sarpi
2018/2019;Privata paritaria;3;320;71;Villapizzone - Cagnola - Boldinasco
2018/2019;Privata paritaria;1;115;72;Maggiore - Musocco - Certosa
2018/2019;Privata paritaria;1;19;76;Quarto Oggiaro - Vialba - Musocco
2018/2019;Privata paritaria;1;256;77;Bovisa
2018/2019;Privata paritaria;1;264;79;Dergano
2018/2019;Privata paritaria;1;264;82;Comasina
2018/2019;Privata paritaria;1;88;84;Parco Nord
2018/2019;Privata non paritaria;2;488;2;Brera
2018/2019;Privata non paritaria;1;113;11;Isola
2018/2019;Privata non paritaria;1;244;18;Cimiano - Rottole - Q.re Feltre
2018/2019;Privata non paritaria;1;308;25;Corsica
2018/2019;Privata non paritaria;1;95;41;Gratosoglio - Q.re Missaglia - Q.re Terrazze
2018/2019;Privata non paritaria;2;678;60;Stadio - Ippodromi
2018/2019;statale;3;910;1;Duomo
2018/2019;statale;2;519;2;Brera
2018/2019;statale;2;605;4;Guastalla
2018/2019;statale;2;887;5;Porta Vigentina - Porta Lodovica
2018/2019;statale;2;624;6;Porta Ticinese - Conca del Naviglio
2018/2019;statale;3;906;7;Magenta - S.Vittore
2018/2019;statale;1;220;10;Stazione Centrale - Ponte Seveso
2018/2019;statale;1;415;11;Isola
2018/2019;statale;3;1346;12;Maciachini - Maggiolina
2018/2019;statale;2;631;13;Greco - Segnano
2018/2019;statale;4;1348;14;Niguarda - Ca? Granda - Prato Centenaro - Q.re Fulvio Testi
2018/2019;statale;6;1457;16;Gorla - Precotto
2018/2019;statale;1;492;17;Adriano
2018/2019;statale;2;716;18;Cimiano - Rottole - Q.re Feltre
2018/2019;statale;2;804;19;Padova - Turro - Crescenzago
2018/2019;statale;4;1640;20;Loreto - Casoretto - NoLo
2018/2019;statale;4;1871;21;Buenos Aires - Porta Venezia - Porta Monforte
2018/2019;statale;4;1757;22;Citta' studi
2018/2019;statale;2;460;23;Lambrate - Ortica
2018/2019;statale;1;277;25;Corsica
2018/2019;statale;2;1119;26;XXII Marzo
2018/2019;statale;1;212;27;Pta Romana
2018/2019;statale;1;456;28;Umbria - Molise - Calvairate
2018/2019;statale;1;344;29;Ortomercato
2018/2019;statale;4;817;30;Taliedo - Morsenchio - Q.re Forlanini
2018/2019;statale;1;204;31;Monlue' - Ponte Lambro
2018/2019;statale;1;433;33;Rogoredo - Santa Giulia
2018/2019;statale;4;1215;35;Lodi - Corvetto
2018/2019;statale;1;329;36;Scalo Romana
2018/2019;statale;1;272;37;Morivione
2018/2019;statale;2;702;38;Vigentino - Q.re Fatima
2018/2019;statale;3;773;41;Gratosoglio - Q.re Missaglia - Q.re Terrazze
2018/2019;statale;3;1016;42;Stadera - Chiesa Rossa - Q.re Torretta - Conca Fallata
2018/2019;statale;1;331;44;Porta Ticinese - Conchetta
2018/2019;statale;1;325;45;Moncucco - San Cristoforo
2018/2019;statale;3;399;46;Barona
2018/2019;statale;3;825;48;Ronchetto sul Naviglio - Q.re Lodovico il Moro
2018/2019;statale;1;487;49;Giambellino
2018/2019;statale;2;748;50;Porta Genova
2018/2019;statale;1;889;51;Porta Magenta
2018/2019;statale;4;1696;52;Bande Nere
2018/2019;statale;3;834;53;Lorenteggio
2018/2019;statale;1;101;54;Muggiano
2018/2019;statale;3;1085;55;Baggio - Q.re degli Olmi - Q.re Valsesia
2018/2019;statale;4;979;56;Forze Armate
2018/2019;statale;1;511;57;San Siro
2018/2019;statale;4;770;60;Stadio - Ippodromi
2018/2019;statale;1;280;61;Quarto Cagnino
2018/2019;statale;1;130;62;Quinto Romano
2018/2019;statale;1;105;63;Figino
2018/2019;statale;6;1382;65;Q.re Gallaratese - Q.re San Leonardo - Lampugnano
2018/2019;statale;1;239;66;QT 8
2018/2019;statale;1;682;67;Portello
2018/2019;statale;1;532;68;Pagano
2018/2019;statale;3;1365;69;Sarpi
2018/2019;statale;5;1824;71;Villapizzone - Cagnola - Boldinasco
2018/2019;statale;1;178;72;Maggiore - Musocco - Certosa
2018/2019;statale;4;1011;76;Quarto Oggiaro - Vialba - Musocco
2018/2019;statale;1;460;77;Bovisa
2018/2019;statale;2;769;79;Dergano
2018/2019;statale;3;1086;80;Affori
2018/2019;statale;1;218;81;Bovisasca
2018/2019;statale;1;197;82;Comasina
2018/2019;statale;2;633;83;Bruzzano
2019/2020;Privata paritaria;1;263;1;Duomo
2019/2020;Privata paritaria;1;120;2;Brera
2019/2020;Privata paritaria;5;720;4;Guastalla
2019/2020;Privata paritaria;1;81;5;Porta Vigentina - Porta Lodovica
2019/2020;Privata paritaria;1;184;6;Porta Ticinese - Conca del Naviglio
2019/2020;Privata paritaria;3;832;7;Magenta - S.Vittore
2019/2020;Privata paritaria;3;638;10;Stazione Centrale - Ponte Seveso
2019/2020;Privata paritaria;1;334;11;Isola
2019/2020;Privata paritaria;2;447;14;Niguarda - Ca? Granda - Prato Centenaro - Q.re Fulvio Testi
2019/2020;Privata paritaria;1;103;18;Cimiano - Rottole - Q.re Feltre
2019/2020;Privata paritaria;2;444;19;Padova - Turro - Crescenzago
2019/2020;Privata paritaria;1;134;20;Loreto - Casoretto - NoLo
2019/2020;Privata paritaria;1;107;21;Buenos Aires - Porta Venezia - Porta Monforte
2019/2020;Privata paritaria;4;529;22;Citta' studi
2019/2020;Privata paritaria;2;368;23;Lambrate - Ortica
2019/2020;Privata paritaria;1;217;25;Corsica
2019/2020;Privata paritaria;1;209;26;XXII Marzo
2019/2020;Privata paritaria;1;121;27;Pta Romana
2019/2020;Privata paritaria;3;592;35;Lodi - Corvetto
2019/2020;Privata paritaria;1;190;37;Morivione
2019/2020;Privata paritaria;2;195;42;Stadera - Chiesa Rossa - Q.re Torretta - Conca Fallata
2019/2020;Privata paritaria;1;308;43;Tibaldi
2019/2020;Privata paritaria;1;249;48;Ronchetto sul Naviglio - Q.re Lodovico il Moro
2019/2020;Privata paritaria;1;194;49;Giambellino
2019/2020;Privata paritaria;2;113;51;Porta Magenta
2019/2020;Privata paritaria;3;292;52;Bande Nere
2019/2020;Privata paritaria;1;276;53;Lorenteggio
2019/2020;Privata paritaria;1;129;56;Forze Armate
2019/2020;Privata paritaria;2;211;58;De Angeli - Monte Rosa
2019/2020;Privata paritaria;2;227;60;Stadio - Ippodromi
2019/2020;Privata paritaria;1;50;63;Figino
2019/2020;Privata paritaria;1;84;66;QT 8
2019/2020;Privata paritaria;2;433;67;Portello
2019/2020;Privata paritaria;1;368;68;Pagano
2019/2020;Privata paritaria;1;174;69;Sarpi
2019/2020;Privata paritaria;3;329;71;Villapizzone - Cagnola - Boldinasco
2019/2020;Privata paritaria;1;109;72;Maggiore - Musocco - Certosa
2019/2020;Privata paritaria;1;257;77;Bovisa
2019/2020;Privata paritaria;1;263;79;Dergano
2019/2020;Privata paritaria;1;266;82;Comasina
2019/2020;Privata paritaria;1;84;84;Parco Nord
2019/2020;Privata non paritaria;2;487;2;Brera
2019/2020;Privata non paritaria;1;130;11;Isola
2019/2020;Privata non paritaria;1;257;18;Cimiano - Rottole - Q.re Feltre
2019/2020;Privata non paritaria;1;291;25;Corsica
2019/2020;Privata non paritaria;1;90;41;Gratosoglio - Q.re Missaglia - Q.re Terrazze
2019/2020;Privata non paritaria;2;639;60;Stadio - Ippodromi
2019/2020;statale;3;887;1;Duomo
2019/2020;statale;2;540;2;Brera
2019/2020;statale;2;596;4;Guastalla
2019/2020;statale;2;861;5;Porta Vigentina - Porta Lodovica
2019/2020;statale;2;606;6;Porta Ticinese - Conca del Naviglio
2019/2020;statale;3;904;7;Magenta - S.Vittore
2019/2020;statale;1;205;10;Stazione Centrale - Ponte Seveso
2019/2020;statale;1;403;11;Isola
2019/2020;statale;3;1284;12;Maciachini - Maggiolina
2019/2020;statale;2;616;13;Greco - Segnano
2019/2020;statale;4;1275;14;Niguarda - Ca? Granda - Prato Centenaro - Q.re Fulvio Testi
2019/2020;statale;6;1460;16;Gorla - Precotto
2019/2020;statale;1;482;17;Adriano
2019/2020;statale;2;667;18;Cimiano - Rottole - Q.re Feltre
2019/2020;statale;2;783;19;Padova - Turro - Crescenzago
2019/2020;statale;4;1629;20;Loreto - Casoretto - NoLo
2019/2020;statale;4;1855;21;Buenos Aires - Porta Venezia - Porta Monforte
2019/2020;statale;4;1689;22;Citta' studi
2019/2020;statale;2;456;23;Lambrate - Ortica
2019/2020;statale;1;286;25;Corsica
2019/2020;statale;2;1066;26;XXII Marzo
2019/2020;statale;1;217;27;Pta Romana
2019/2020;statale;1;443;28;Umbria - Molise - Calvairate
2019/2020;statale;1;313;29;Ortomercato
2019/2020;statale;4;823;30;Taliedo - Morsenchio - Q.re Forlanini
2019/2020;statale;1;199;31;Monlue' - Ponte Lambro
2019/2020;statale;1;420;33;Rogoredo - Santa Giulia
2019/2020;statale;4;1218;35;Lodi - Corvetto
2019/2020;statale;1;336;36;Scalo Romana
2019/2020;statale;1;230;37;Morivione
2019/2020;statale;2;694;38;Vigentino - Q.re Fatima
2019/2020;statale;3;765;41;Gratosoglio - Q.re Missaglia - Q.re Terrazze
2019/2020;statale;3;991;42;Stadera - Chiesa Rossa - Q.re Torretta - Conca Fallata
2019/2020;statale;1;299;44;Porta Ticinese - Conchetta
2019/2020;statale;1;368;45;Moncucco - San Cristoforo
2019/2020;statale;3;392;46;Barona
2019/2020;statale;3;848;48;Ronchetto sul Naviglio - Q.re Lodovico il Moro
2019/2020;statale;1;461;49;Giambellino
2019/2020;statale;2;759;50;Porta Genova
2019/2020;statale;1;874;51;Porta Magenta
2019/2020;statale;4;1643;52;Bande Nere
2019/2020;statale;3;812;53;Lorenteggio
2019/2020;statale;1;97;54;Muggiano
2019/2020;statale;3;1076;55;Baggio - Q.re degli Olmi - Q.re Valsesia
2019/2020;statale;4;1001;56;Forze Armate
2019/2020;statale;1;508;57;San Siro
2019/2020;statale;4;762;60;Stadio - Ippodromi
2019/2020;statale;1;301;61;Quarto Cagnino
2019/2020;statale;1;119;62;Quinto Romano
2019/2020;statale;1;103;63;Figino
2019/2020;statale;6;1340;65;Q.re Gallaratese - Q.re San Leonardo - Lampugnano
2019/2020;statale;1;250;66;QT 8
2019/2020;statale;1;681;67;Portello
2019/2020;statale;1;514;68;Pagano
2019/2020;statale;3;1315;69;Sarpi
2019/2020;statale;5;1799;71;Villapizzone - Cagnola - Boldinasco
2019/2020;statale;1;200;72;Maggiore - Musocco - Certosa
2019/2020;statale;4;978;76;Quarto Oggiaro - Vialba - Musocco
2019/2020;statale;1;463;77;Bovisa
2019/2020;statale;2;743;79;Dergano
2019/2020;statale;3;1047;80;Affori
2019/2020;statale;1;216;81;Bovisasca
2019/2020;statale;1;182;82;Comasina
2019/2020;statale;2;631;83;Bruzzano
2020/2021;Privata paritaria;1;256;1;Duomo
2020/2021;Privata paritaria;1;121;2;Brera
2020/2021;Privata paritaria;4;709;4;Guastalla
2020/2021;Privata paritaria;1;98;5;Porta Vigentina - Porta Lodovica
2020/2021;Privata paritaria;1;171;6;Porta Ticinese - Conca del Naviglio
2020/2021;Privata paritaria;3;810;7;Magenta - S.Vittore
2020/2021;Privata paritaria;3;645;10;Stazione Centrale - Ponte Seveso
2020/2021;Privata paritaria;1;302;11;Isola
2020/2021;Privata paritaria;2;430;14;Niguarda - Ca? Granda - Prato Centenaro - Q.re Fulvio Testi
2020/2021;Privata paritaria;1;89;18;Cimiano - Rottole - Q.re Feltre
2020/2021;Privata paritaria;2;407;19;Padova - Turro - Crescenzago
2020/2021;Privata paritaria;1;111;21;Buenos Aires - Porta Venezia - Porta Monforte
2020/2021;Privata paritaria;4;554;22;Citta' studi
2020/2021;Privata paritaria;2;366;23;Lambrate - Ortica
2020/2021;Privata paritaria;2;342;25;Corsica
2020/2021;Privata paritaria;1;207;26;XXII Marzo
2020/2021;Privata paritaria;1;145;27;Pta Romana
2020/2021;Privata paritaria;3;525;35;Lodi - Corvetto
2020/2021;Privata paritaria;1;227;36;Scalo Romana
2020/2021;Privata paritaria;2;202;42;Stadera - Chiesa Rossa - Q.re Torretta - Conca Fallata
2020/2021;Privata paritaria;1;325;43;Tibaldi
2020/2021;Privata paritaria;1;261;48;Ronchetto sul Naviglio - Q.re Lodovico il Moro
2020/2021;Privata paritaria;1;187;49;Giambellino
2020/2021;Privata paritaria;2;153;51;Porta Magenta
2020/2021;Privata paritaria;2;187;52;Bande Nere
2020/2021;Privata paritaria;1;275;53;Lorenteggio
2020/2021;Privata paritaria;1;144;56;Forze Armate
2020/2021;Privata paritaria;1;235;57;San Siro
2020/2021;Privata paritaria;2;222;58;De Angeli - Monte Rosa
2020/2021;Privata paritaria;2;249;60;Stadio - Ippodromi
2020/2021;Privata paritaria;1;49;63;Figino
2020/2021;Privata paritaria;1;66;66;QT 8
2020/2021;Privata paritaria;1;189;67;Portello
2020/2021;Privata paritaria;1;360;68;Pagano
2020/2021;Privata paritaria;1;173;69;Sarpi
2020/2021;Privata paritaria;3;320;71;Villapizzone - Cagnola - Boldinasco
2020/2021;Privata paritaria;1;110;72;Maggiore - Musocco - Certosa
2020/2021;Privata paritaria;1;254;77;Bovisa
2020/2021;Privata paritaria;1;265;79;Dergano
2020/2021;Privata paritaria;1;240;82;Comasina
2020/2021;Privata paritaria;1;85;84;Parco Nord
2020/2021;Privata non paritaria;2;468;2;Brera
2020/2021;Privata non paritaria;1;138;10;Stazione Centrale - Ponte Seveso
2020/2021;Privata non paritaria;1;252;18;Cimiano - Rottole - Q.re Feltre
2020/2021;Privata non paritaria;1;274;25;Corsica
2020/2021;Privata non paritaria;1;87;45;Moncucco - San Cristoforo
2020/2021;Privata non paritaria;2;581;60;Stadio - Ippodromi
2020/2021;statale;3;808;1;Duomo
2020/2021;statale;2;504;2;Brera
2020/2021;statale;2;596;4;Guastalla
2020/2021;statale;2;838;5;Porta Vigentina - Porta Lodovica
2020/2021;statale;2;604;6;Porta Ticinese - Conca del Naviglio
2020/2021;statale;3;890;7;Magenta - S.Vittore
2020/2021;statale;1;199;10;Stazione Centrale - Ponte Seveso
2020/2021;statale;1;381;11;Isola
2020/2021;statale;3;1230;12;Maciachini - Maggiolina
2020/2021;statale;2;608;13;Greco - Segnano
2020/2021;statale;4;1290;14;Niguarda - Ca? Granda - Prato Centenaro - Q.re Fulvio Testi
2020/2021;statale;6;1447;16;Gorla - Precotto
2020/2021;statale;1;460;17;Adriano
2020/2021;statale;2;668;18;Cimiano - Rottole - Q.re Feltre
2020/2021;statale;2;674;19;Padova - Turro - Crescenzago
2020/2021;statale;4;1545;20;Loreto - Casoretto - NoLo
2020/2021;statale;4;1788;21;Buenos Aires - Porta Venezia - Porta Monforte
2020/2021;statale;4;1612;22;Citta' studi
2020/2021;statale;2;443;23;Lambrate - Ortica
2020/2021;statale;1;286;25;Corsica
2020/2021;statale;2;998;26;XXII Marzo
2020/2021;statale;1;208;27;Pta Romana
2020/2021;statale;1;454;28;Umbria - Molise - Calvairate
2020/2021;statale;1;308;29;Ortomercato
2020/2021;statale;4;823;30;Taliedo - Morsenchio - Q.re Forlanini
2020/2021;statale;1;180;31;Monlue' - Ponte Lambro
2020/2021;statale;1;380;33;Rogoredo - Santa Giulia
2020/2021;statale;4;1161;35;Lodi - Corvetto
2020/2021;statale;1;314;36;Scalo Romana
2020/2021;statale;1;185;37;Morivione
2020/2021;statale;2;671;38;Vigentino - Q.re Fatima
2020/2021;statale;3;765;41;Gratosoglio - Q.re Missaglia - Q.re Terrazze
2020/2021;statale;3;964;42;Stadera - Chiesa Rossa - Q.re Torretta - Conca Fallata
2020/2021;statale;1;260;44;Porta Ticinese - Conchetta
2020/2021;statale;1;400;45;Moncucco - San Cristoforo
2020/2021;statale;3;403;46;Barona
2020/2021;statale;3;817;48;Ronchetto sul Naviglio - Q.re Lodovico il Moro
2020/2021;statale;1;450;49;Giambellino
2020/2021;statale;2;731;50;Porta Genova
2020/2021;statale;1;853;51;Porta Magenta
2020/2021;statale;4;1623;52;Bande Nere
2020/2021;statale;3;804;53;Lorenteggio
2020/2021;statale;1;105;54;Muggiano
2020/2021;statale;3;1072;55;Baggio - Q.re degli Olmi - Q.re Valsesia
2020/2021;statale;4;992;56;Forze Armate
2020/2021;statale;1;502;57;San Siro
2020/2021;statale;4;734;60;Stadio - Ippodromi
2020/2021;statale;1;306;61;Quarto Cagnino
2020/2021;statale;1;125;62;Quinto Romano
2020/2021;statale;1;100;63;Figino
2020/2021;statale;6;1301;65;Q.re Gallaratese - Q.re San Leonardo - Lampugnano
2020/2021;statale;1;242;66;QT 8
2020/2021;statale;1;667;67;Portello
2020/2021;statale;1;506;68;Pagano
2020/2021;statale;3;1221;69;Sarpi
2020/2021;statale;4;1548;71;Villapizzone - Cagnola - Boldinasco
2020/2021;statale;2;386;72;Maggiore - Musocco - Certosa
2020/2021;statale;4;1003;76;Quarto Oggiaro - Vialba - Musocco
2020/2021;statale;1;442;77;Bovisa
2020/2021;statale;2;663;79;Dergano
2020/2021;statale;3;1015;80;Affori
2020/2021;statale;1;207;81;Bovisasca
2020/2021;statale;1;169;82;Comasina
2020/2021;statale;2;616;83;Bruzzano
2021/2022;Privata paritaria;1;264;1;Duomo
2021/2022;Privata paritaria;1;126;2;Brera
2021/2022;Privata paritaria;4;701;4;Guastalla
2021/2022;Privata paritaria;1;100;5;Porta Vigentina - Porta Lodovica
2021/2022;Privata paritaria;1;164;6;Porta Ticinese - Conca del Naviglio
2021/2022;Privata paritaria;3;798;7;Magenta - S.Vittore
2021/2022;Privata paritaria;3;655;10;Stazione Centrale - Ponte Seveso
2021/2022;Privata paritaria;1;294;11;Isola
2021/2022;Privata paritaria;2;415;14;Niguarda - Ca? Granda - Prato Centenaro - Q.re Fulvio Testi
2021/2022;Privata paritaria;1;85;18;Cimiano - Rottole - Q.re Feltre
2021/2022;Privata paritaria;2;377;19;Padova - Turro - Crescenzago
2021/2022;Privata paritaria;1;111;21;Buenos Aires - Porta Venezia - Porta Monforte
2021/2022;Privata paritaria;4;594;22;Citta' studi
2021/2022;Privata paritaria;2;368;23;Lambrate - Ortica
2021/2022;Privata paritaria;2;354;25;Corsica
2021/2022;Privata paritaria;1;197;26;XXII Marzo
2021/2022;Privata paritaria;1;131;27;Pta Romana
2021/2022;Privata paritaria;3;510;35;Lodi - Corvetto
2021/2022;Privata paritaria;1;248;36;Scalo Romana
2021/2022;Privata paritaria;2;203;42;Stadera - Chiesa Rossa - Q.re Torretta - Conca Fallata
2021/2022;Privata paritaria;1;330;43;Tibaldi
2021/2022;Privata paritaria;1;255;48;Ronchetto sul Naviglio - Q.re Lodovico il Moro
2021/2022;Privata paritaria;1;180;49;Giambellino
2021/2022;Privata paritaria;2;154;51;Porta Magenta
2021/2022;Privata paritaria;2;191;52;Bande Nere
2021/2022;Privata paritaria;1;284;53;Lorenteggio
2021/2022;Privata paritaria;1;133;56;Forze Armate
2021/2022;Privata paritaria;1;248;57;San Siro
2021/2022;Privata paritaria;2;219;58;De Angeli - Monte Rosa
2022/2023;Privata paritaria;1;254;1;Duomo
2022/2023;Privata paritaria;1;129;2;Brera
2022/2023;Privata paritaria;4;683;4;Guastalla
2022/2023;Privata paritaria;1;96;5;Porta Vigentina - Porta Lodovica
2022/2023;Privata paritaria;1;167;6;Porta Ticinese - Conca del Naviglio
2022/2023;Privata paritaria;3;796;7;Magenta - S.Vittore
2022/2023;Privata paritaria;2;251;10;Stazione Centrale - Ponte Seveso
2022/2023;Privata paritaria;1;276;11;Isola
2022/2023;Privata paritaria;2;441;14;Niguarda - Ca? Granda - Prato Centenaro - Q.re Fulvio Testi
2022/2023;Privata paritaria;1;31;18;Cimiano - Rottole - Q.re Feltre
2022/2023;Privata paritaria;2;405;19;Padova - Turro - Crescenzago
2022/2023;Privata paritaria;2;526;21;Buenos Aires - Porta Venezia - Porta Monforte
2022/2023;Privata paritaria;5;728;22;Citta' studi
2022/2023;Privata paritaria;2;351;23;Lambrate - Ortica
2022/2023;Privata paritaria;1;222;25;Corsica
2022/2023;Privata paritaria;1;190;26;XXII Marzo
2022/2023;Privata paritaria;1;144;27;Pta Romana
2022/2023;Privata paritaria;3;499;35;Lodi - Corvetto
2022/2023;Privata paritaria;1;287;36;Scalo Romana
2022/2023;Privata paritaria;1;52;37;Morivione
2022/2023;Privata paritaria;1;91;42;Stadera - Chiesa Rossa - Q.re Torretta - Conca Fallata
2022/2023;Privata paritaria;2;433;43;Tibaldi
2022/2023;Privata paritaria;1;251;48;Ronchetto sul Naviglio - Q.re Lodovico il Moro
2022/2023;Privata paritaria;1;168;49;Giambellino
2022/2023;Privata paritaria;2;134;51;Porta Magenta
2022/2023;Privata paritaria;1;149;52;Bande Nere
2022/2023;Privata paritaria;1;289;53;Lorenteggio
2022/2023;Privata paritaria;2;193;56;Forze Armate
2022/2023;Privata paritaria;1;252;57;San Siro
2022/2023;Privata paritaria;2;238;58;De Angeli - Monte Rosa
2022/2023;Privata paritaria;2;284;60;Stadio - Ippodromi
2022/2023;Privata paritaria;1;43;63;Figino
2022/2023;Privata paritaria;1;40;66;QT 8
2022/2023;Privata paritaria;1;318;67;Portello
2022/2023;Privata paritaria;1;364;68;Pagano
2022/2023;Privata paritaria;1;166;69;Sarpi
2022/2023;Privata paritaria;1;83;70;Ghisolfa
2022/2023;Privata paritaria;2;196;71;Villapizzone - Cagnola - Boldinasco
2022/2023;Privata paritaria;1;106;72;Maggiore - Musocco - Certosa
2022/2023;Privata paritaria;1;240;77;Bovisa
2022/2023;Privata paritaria;1;270;79;Dergano
2022/2023;Privata paritaria;1;219;82;Comasina
2022/2023;Privata paritaria;1;91;84;Parco Nord
2022/2023;Privata non paritaria;2;449;2;Brera
2022/2023;Privata non paritaria;1;145;10;Stazione Centrale - Ponte Seveso
2022/2023;Privata non paritaria;1;270;18;Cimiano - Rottole - Q.re Feltre
2022/2023;Privata non paritaria;1;126;20;Loreto - Casoretto - NoLo
2022/2023;Privata non paritaria;1;215;25;Corsica
2022/2023;Privata non paritaria;1;89;45;Moncucco - San Cristoforo
2022/2023;Privata non paritaria;1;178;49;Giambellino
2022/2023;Privata non paritaria;2;545;60;Stadio - Ippodromi
2022/2023;statale;3;739;1;Duomo
2022/2023;statale;2;494;2;Brera
2022/2023;statale;2;592;4;Guastalla
2022/2023;statale;2;793;5;Porta Vigentina - Porta Lodovica
2022/2023;statale;2;562;6;Porta Ticinese - Conca del Naviglio
2022/2023;statale;3;865;7;Magenta - S.Vittore
2022/2023;statale;1;189;10;Stazione Centrale - Ponte Seveso
2022/2023;statale;1;408;11;Isola
2022/2023;statale;3;1106;12;Maciachini - Maggiolina
2022/2023;statale;2;547;13;Greco - Segnano
2022/2023;statale;4;1237;14;Niguarda - Ca? Granda - Prato Centenaro - Q.re Fulvio Testi
2022/2023;statale;6;1370;16;Gorla - Precotto
2022/2023;statale;1;463;17;Adriano
2022/2023;statale;2;694;18;Cimiano - Rottole - Q.re Feltre
2022/2023;statale;2;679;19;Padova - Turro - Crescenzago
2022/2023;statale;3;1201;20;Loreto - Casoretto - NoLo
2022/2023;statale;4;1660;21;Buenos Aires - Porta Venezia - Porta Monforte
2022/2023;statale;5;1859;22;Citta' studi
2022/2023;statale;2;440;23;Lambrate - Ortica
2022/2023;statale;1;318;25;Corsica
2022/2023;statale;2;933;26;XXII Marzo
2022/2023;statale;2;657;27;Pta Romana
2022/2023;statale;1;294;29;Ortomercato
2022/2023;statale;4;870;30;Taliedo - Morsenchio - Q.re Forlanini
2022/2023;statale;1;191;31;Monlue' - Ponte Lambro
2022/2023;statale;1;364;33;Rogoredo - Santa Giulia
2022/2023;statale;5;1475;35;Lodi - Corvetto
2022/2023;statale;2;272;37;Morivione
2022/2023;statale;1;525;38;Vigentino - Q.re Fatima
2022/2023;statale;3;772;41;Gratosoglio - Q.re Missaglia - Q.re Terrazze
2022/2023;statale;3;951;42;Stadera - Chiesa Rossa - Q.re Torretta - Conca Fallata
2022/2023;statale;1;259;44;Porta Ticinese - Conchetta
2022/2023;statale;1;464;45;Moncucco - San Cristoforo
2022/2023;statale;3;418;46;Barona
2022/2023;statale;3;774;48;Ronchetto sul Naviglio - Q.re Lodovico il Moro
2022/2023;statale;1;404;49;Giambellino
2022/2023;statale;2;711;50;Porta Genova
2022/2023;statale;1;849;51;Porta Magenta
2022/2023;statale;3;951;52;Bande Nere
2022/2023;statale;3;793;53;Lorenteggio
2022/2023;statale;1;90;54;Muggiano
2022/2023;statale;3;1053;55;Baggio - Q.re degli Olmi - Q.re Valsesia
2022/2023;statale;5;1627;56;Forze Armate
2022/2023;statale;1;492;57;San Siro
2022/2023;statale;4;644;60;Stadio - Ippodromi
2022/2023;statale;1;273;61;Quarto Cagnino
2022/2023;statale;1;116;62;Quinto Romano
2022/2023;statale;1;111;63;Figino
2022/2023;statale;6;1374;65;Q.re Gallaratese - Q.re San Leonardo - Lampugnano
2022/2023;statale;1;226;66;QT 8
2022/2023;statale;1;649;67;Portello
2022/2023;statale;1;490;68;Pagano
2022/2023;statale;3;1214;69;Sarpi
2022/2023;statale;4;1500;71;Villapizzone - Cagnola - Boldinasco
2022/2023;statale;2;356;72;Maggiore - Musocco - Certosa
2022/2023;statale;4;1050;76;Quarto Oggiaro - Vialba - Musocco
2022/2023;statale;1;405;78;Farini
2022/2023;statale;2;621;79;Dergano
2022/2023;statale;3;975;80;Affori
2022/2023;statale;1;223;81;Bovisasca
2022/2023;statale;1;162;82;Comasina
2022/2023;statale;2;585;83;Bruzzano
2023/2024;Privata paritaria;1;237;1;Duomo
2023/2024;Privata paritaria;1;128;2;Brera
2023/2024;Privata paritaria;4;698;4;Guastalla
2023/2024;Privata paritaria;1;80;5;Porta Vigentina - Porta Lodovica
2023/2024;Privata paritaria;1;154;6;Porta Ticinese - Conca del Naviglio
2023/2024;Privata paritaria;3;801;7;Magenta - S.Vittore
2023/2024;Privata paritaria;2;267;10;Stazione Centrale - Ponte Seveso
2023/2024;Privata paritaria;1;266;11;Isola
2023/2024;Privata paritaria;2;474;14;Niguarda - Ca? Granda - Prato Centenaro - Q.re Fulvio Testi
2023/2024;Privata paritaria;1;13;18;Cimiano - Rottole - Q.re Feltre
2023/2024;Privata paritaria;2;392;19;Padova - Turro - Crescenzago
2023/2024;Privata paritaria;2;505;21;Buenos Aires - Porta Venezia - Porta Monforte
2023/2024;Privata paritaria;5;736;22;Citta' studi
2023/2024;Privata paritaria;2;357;23;Lambrate - Ortica
2023/2024;Privata paritaria;1;217;25;Corsica
2023/2024;Privata paritaria;1;170;26;XXII Marzo
2023/2024;Privata paritaria;1;137;27;Pta Romana
2023/2024;Privata paritaria;3;475;35;Lodi - Corvetto
2023/2024;Privata paritaria;1;261;36;Scalo Romana
2023/2024;Privata paritaria;1;70;37;Morivione
2023/2024;Privata paritaria;1;90;42;Stadera - Chiesa Rossa - Q.re Torretta - Conca Fallata
2023/2024;Privata paritaria;2;442;43;Tibaldi
2023/2024;Privata paritaria;1;270;48;Ronchetto sul Naviglio - Q.re Lodovico il Moro
2023/2024;Privata paritaria;1;153;49;Giambellino
2023/2024;Privata paritaria;2;132;51;Porta Magenta
2023/2024;Privata paritaria;1;149;52;Bande Nere
2023/2024;Privata paritaria;1;315;53;Lorenteggio
